"","accessRights","adm1","adm2","associatedReferences","associatedSequences","basisOfRecord","bibliographicCitation","catalogNumber","class","classKey","cloc","collectionCode","collectionID","continent","coordinatePrecision","coordinateUncertaintyInMeters","country","datasetID","datasetKey","datasetName","dateIdentified","day","depth","depthAccuracy","disposition","dynamicProperties","elevation","elevationAccuracy","endDayOfYear","establishmentMeans","eventDate","eventID","eventRemarks","eventTime","family","familyKey","fieldNumber","fullCountry","gbifID","genericName","genus","genusKey","geodeticDatum","georeferencedBy","georeferencedDate","georeferenceProtocol","georeferenceRemarks","georeferenceSources","georeferenceVerificationStatus","higherClassification","higherGeography","http...unknown.org.occurrenceDetails","http...unknown.org.organismID","identificationID","identificationQualifier","identificationRemarks","identificationVerificationStatus","identifiedBy","identifier","individualCount","institutionCode","institutionID","islandGroup","ISO2","key","kingdom","kingdomKey","language","lastCrawled","lastInterpreted","lastParsed","lat","license","lifeStage","locality","locationAccordingTo","locationRemarks","lon","modified","month","nomenclaturalCode","occurrenceID","occurrenceRemarks","occurrenceStatus","order","orderKey","organismID","otherCatalogNumbers","ownerInstitutionCode","phylum","phylumKey","preparations","previousIdentifications","protocol","publishingCountry","publishingOrgKey","recordedBy","recordNumber","references","rights","rightsHolder","scientificName","sex","species","speciesKey","specificEpithet","startDayOfYear","taxonID","taxonKey","taxonRank","taxonRemarks","type","verbatimCoordinateSystem","verbatimEventDate","verbatimLocality","verbatimTaxonRank","vernacularName","year","downloadDate","id_no","binomial","presence","origin","seasonal","compiler","year.1","citation","source","dist_comm","island","kingdom.1","phylum.1","class.1","order_","family.1","rlcategory","shape_Leng","shape_Area","optional"
"169",NA,"Queensland",NA,NA,NA,"PRESERVED_SPECIMEN",NA,"M.45995.001","Mammalia",359,"Queensland, Australia","Mammalogy",NA,NA,1e-05,100,"Australia",NA,"dce8feb0-6c89-11de-8225-b8a03c50a862",NA,NA,16,NA,NA,NA,NA,NA,NA,NA,NA,"2013-10-16T00:00:00.000+0000","urn:australianmuseum.net.au:Events:1180070",NA,NA,"Macropodidae",9372,NA,"Australia","1101228151","Macropus","Macropus",2440171,"WGS84",NA,NA,NA,NA,NA,NA,NA,NA,NA,NA,NA,NA,NA,NA,NA,"61c7cd71-efc8-4bb8-aefc-2450b862c5a8",NA,"AM",NA,NA,"AU",1101228151,"Animalia",1,NA,"2016-08-19T08:07:05.840+0000","2016-08-04T14:22:55.467+0000","2015-07-17T07:04:49.404+0000",-25.71277,NA,NA,NA,NA,"ecatalogue.LocCollectionEventLocal: ""Australia, Queensland, Landsborough Highway, 8.8 km N of Augathella (25° 42' 46"" S, 146° 35' 30"" E) 16/10/2013 - 16/10/2013, Sadlier, Dr Ross Allen - Australian Museum - Herpetology(Collector), Beatson, Ms Cecilie A - Australian Museum - Herpetology(Colle"";",146.59166,NA,10,NA,"61c7cd71-efc8-4bb8-aefc-2450b862c5a8",NA,NA,"Diprotodontia",1452,NA,NA,NA,"Chordata",44,NA,NA,"DWC_ARCHIVE","AU","770c30d2-c2a8-4bb2-8056-6167297cddae","Sadlier, Dr Ross Allen - Australian Museum - Herpetology",NA,NA,NA,NA,"Macropus dorsalis (Gray, 1837)",NA,"Macropus dorsalis",5219980,"dorsalis",NA,NA,5219980,"SPECIES",NA,NA,NA,NA,NA,NA,"Black-striped Wallaby",2013,2016-08-25,40562,"Macropus dorsalis",1,1,1,"IUCN",2008,"IUCN (International Union for Conservation of Nature)",NA,NA,NA,"ANIMALIA","CHORDATA","MAMMALIA","DIPROTODONTIA","MACROPODIDAE","LC",64.9603069601,51.0669088217,TRUE
"171",NA,"Queensland",NA,NA,NA,"PRESERVED_SPECIMEN",NA,"M.45997.003","Mammalia",359,"Queensland, Australia","Mammalogy",NA,NA,1e-05,100,"Australia",NA,"dce8feb0-6c89-11de-8225-b8a03c50a862",NA,NA,16,NA,NA,NA,NA,NA,NA,NA,NA,"2013-10-16T00:00:00.000+0000","urn:australianmuseum.net.au:Events:1180072",NA,NA,"Macropodidae",9372,NA,"Australia","1253402344","Macropus","Macropus",2440171,"WGS84",NA,NA,NA,NA,NA,NA,NA,NA,NA,NA,NA,NA,NA,NA,NA,"b2f2a145-6584-47ca-87b4-11a3902adffd",NA,"AM",NA,NA,"AU",1253402344,"Animalia",1,NA,"2016-08-19T08:07:05.846+0000","2016-08-04T14:22:57.612+0000","2016-03-12T00:31:41.994+0000",-26.04305,NA,NA,NA,NA,"ecatalogue.LocCollectionEventLocal: ""Australia, Queensland, Mitchell Highway, 38.7 km SW of Augathella (26° 02' 35"" S, 146° 25' 53"" E) 16/10/2013 - 16/10/2013, Sadlier, Dr. Ross Allen - Australian Museum - Herpetology(Collector), Beatson, Ms Cecilie A - Australian Museum - Herpetology(Collec"";",146.43138,NA,10,NA,"b2f2a145-6584-47ca-87b4-11a3902adffd",NA,NA,"Diprotodontia",1452,NA,NA,NA,"Chordata",44,NA,NA,"DWC_ARCHIVE","AU","770c30d2-c2a8-4bb2-8056-6167297cddae",NA,NA,NA,NA,NA,"Macropus dorsalis (Gray, 1837)",NA,"Macropus dorsalis",5219980,"dorsalis",NA,NA,5219980,"SPECIES",NA,NA,NA,NA,NA,NA,"Black-striped Wallaby",2013,2016-08-25,40562,"Macropus dorsalis",1,1,1,"IUCN",2008,"IUCN (International Union for Conservation of Nature)",NA,NA,NA,"ANIMALIA","CHORDATA","MAMMALIA","DIPROTODONTIA","MACROPODIDAE","LC",64.9603069601,51.0669088217,TRUE
"861",NA,"New South Wales",NA,NA,NA,"PRESERVED_SPECIMEN",NA,"M.46612.003","Mammalia",359,"New South Wales, Australia","Mammalogy",NA,NA,1e-05,1000,"Australia",NA,"dce8feb0-6c89-11de-8225-b8a03c50a862",NA,"2014-06-01T00:00:00.000+0000",NA,NA,NA,NA,NA,NA,NA,NA,NA,"2005-01-01T00:00:00.000+0000","urn:australianmuseum.net.au:Events:1186609",NA,NA,"Macropodidae",9372,NA,"Australia","1270037357","Macropus","Macropus",2440171,"WGS84",NA,NA,NA,NA,NA,NA,NA,NA,NA,NA,NA,NA,NA,NA,NA,"e9f03558-729e-48a5-acbb-33a80b8d0571",NA,"AM",NA,NA,"AU",1270037357,"Animalia",1,NA,"2016-08-19T08:07:06.004+0000","2016-08-04T14:23:03.522+0000","2016-06-03T13:06:31.304+0000",-28.86352,NA,NA,NA,NA,"ecatalogue.LocCollectionEventLocal: ""Australia, New South Wales, Mummulgum, 34km W of Casino, Bruxner Highway (28° 51' 49"" S, 152° 47' 04"" E) 2005 - 2005, Ulyatt, SUSANNE - WIRES Northern Rivers(Collector and presenter), Found dead on the road, Accession""; ecatalogue.SqsCityTown: ""Mummulgum"";",152.78445,NA,NA,NA,"e9f03558-729e-48a5-acbb-33a80b8d0571",NA,NA,"Diprotodontia",1452,NA,NA,NA,"Chordata",44,NA,NA,"DWC_ARCHIVE","AU","770c30d2-c2a8-4bb2-8056-6167297cddae",NA,NA,NA,NA,NA,"Macropus dorsalis (Gray, 1837)",NA,"Macropus dorsalis",5219980,"dorsalis",NA,NA,5219980,"SPECIES",NA,NA,NA,NA,NA,NA,"Black-striped Wallaby",2005,2016-08-25,40562,"Macropus dorsalis",1,1,1,"IUCN",2008,"IUCN (International Union for Conservation of Nature)",NA,NA,NA,"ANIMALIA","CHORDATA","MAMMALIA","DIPROTODONTIA","MACROPODIDAE","LC",64.9603069601,51.0669088217,TRUE
"926",NA,"Queensland",NA,NA,NA,"PRESERVED_SPECIMEN",NA,"JM14555","Mammalia",359,"-, Queensland, Australia","Mammals",NA,NA,0.009,1000,"Australia",NA,"a79c2b50-6c8a-11de-8226-b8a03c50a862",NA,NA,19,NA,NA,NA,NA,NA,NA,NA,NA,"2001-03-19T00:00:00.000+0000",NA,NA,NA,"Macropodidae",9372,NA,"Australia","1066623616","Macropus","Macropus",2440171,"WGS84",NA,NA,NA,NA,NA,NA,NA,NA,NA,NA,NA,NA,NA,NA,NA,"0da4393d-8812-417b-b8dc-bc13c611d45f",NA,"QM",NA,NA,"AU",1066623616,"Animalia",1,NA,"2015-10-19T05:51:15.103+0000","2016-08-04T10:56:34.311+0000","2015-04-30T09:48:37.010+0000",-23.36667,NA,NA,"-",NA,NA,150.53333,NA,3,NA,"0da4393d-8812-417b-b8dc-bc13c611d45f",NA,NA,"Diprotodontia",1452,NA,NA,NA,"Chordata",44,NA,NA,"DWC_ARCHIVE","AU","f9d3db7d-6ee9-4fbf-bd4c-e5d0f0bd26c6",NA,NA,NA,NA,NA,"Macropus dorsalis (Gray, 1837)",NA,"Macropus dorsalis",5219980,"dorsalis",NA,NA,5219980,"SPECIES",NA,NA,NA,NA,NA,NA,"Black-striped wallaby",2001,2016-08-25,40562,"Macropus dorsalis",1,1,1,"IUCN",2008,"IUCN (International Union for Conservation of Nature)",NA,NA,NA,"ANIMALIA","CHORDATA","MAMMALIA","DIPROTODONTIA","MACROPODIDAE","LC",64.9603069601,51.0669088217,TRUE
"942",NA,"Queensland",NA,NA,NA,"PRESERVED_SPECIMEN",NA,"JM12666","Mammalia",359,"-, Queensland, Australia","Mammals",NA,NA,0.0045,500,"Australia",NA,"a79c2b50-6c8a-11de-8226-b8a03c50a862",NA,NA,27,NA,NA,NA,NA,NA,NA,NA,NA,"1999-01-27T00:00:00.000+0000",NA,NA,NA,"Macropodidae",9372,NA,"Australia","1066621586","Macropus","Macropus",2440171,"WGS84",NA,NA,NA,NA,NA,NA,NA,NA,NA,NA,NA,NA,NA,NA,NA,"a1b08ff7-f718-41ef-84c4-17e403127f90",NA,"QM",NA,NA,"AU",1066621586,"Animalia",1,NA,"2015-10-19T05:51:14.767+0000","2016-08-04T10:56:42.050+0000","2015-04-30T09:48:35.366+0000",-25.56667,NA,NA,"-",NA,NA,151.7,NA,1,NA,"a1b08ff7-f718-41ef-84c4-17e403127f90",NA,NA,"Diprotodontia",1452,NA,NA,NA,"Chordata",44,NA,NA,"DWC_ARCHIVE","AU","f9d3db7d-6ee9-4fbf-bd4c-e5d0f0bd26c6",NA,NA,NA,NA,NA,"Macropus dorsalis (Gray, 1837)",NA,"Macropus dorsalis",5219980,"dorsalis",NA,NA,5219980,"SPECIES",NA,NA,NA,NA,NA,NA,"Black-striped wallaby",1999,2016-08-25,40562,"Macropus dorsalis",1,1,1,"IUCN",2008,"IUCN (International Union for Conservation of Nature)",NA,NA,NA,"ANIMALIA","CHORDATA","MAMMALIA","DIPROTODONTIA","MACROPODIDAE","LC",64.9603069601,51.0669088217,TRUE
"943",NA,"Queensland",NA,NA,NA,"PRESERVED_SPECIMEN",NA,"JM12719","Mammalia",359,"-, Queensland, Australia","Mammals",NA,NA,0.0045,500,"Australia",NA,"a79c2b50-6c8a-11de-8226-b8a03c50a862",NA,NA,4,NA,NA,NA,NA,NA,NA,NA,NA,"1999-03-04T00:00:00.000+0000",NA,NA,NA,"Macropodidae",9372,NA,"Australia","1066621584","Macropus","Macropus",2440171,"WGS84",NA,NA,NA,NA,NA,NA,NA,NA,NA,NA,NA,NA,NA,NA,NA,"3ce6eeee-cf07-4a67-92e2-f5221fc7f76f",NA,"QM",NA,NA,"AU",1066621584,"Animalia",1,NA,"2015-10-19T05:51:14.776+0000","2016-08-04T10:56:30.675+0000","2015-04-30T09:48:35.366+0000",-22.915,NA,NA,"-",NA,NA,149.82917,NA,3,NA,"3ce6eeee-cf07-4a67-92e2-f5221fc7f76f",NA,NA,"Diprotodontia",1452,NA,NA,NA,"Chordata",44,NA,NA,"DWC_ARCHIVE","AU","f9d3db7d-6ee9-4fbf-bd4c-e5d0f0bd26c6",NA,NA,NA,NA,NA,"Macropus dorsalis (Gray, 1837)",NA,"Macropus dorsalis",5219980,"dorsalis",NA,NA,5219980,"SPECIES",NA,NA,NA,NA,NA,NA,"Black-striped wallaby",1999,2016-08-25,40562,"Macropus dorsalis",1,1,1,"IUCN",2008,"IUCN (International Union for Conservation of Nature)",NA,NA,NA,"ANIMALIA","CHORDATA","MAMMALIA","DIPROTODONTIA","MACROPODIDAE","LC",64.9603069601,51.0669088217,TRUE
"944",NA,"Queensland",NA,NA,NA,"PRESERVED_SPECIMEN",NA,"JM13131","Mammalia",359,"-, Queensland, Australia","Mammals",NA,NA,0.00045,50,"Australia",NA,"a79c2b50-6c8a-11de-8226-b8a03c50a862",NA,NA,8,NA,NA,NA,NA,NA,NA,NA,NA,"1999-04-08T00:00:00.000+0000",NA,NA,NA,"Macropodidae",9372,NA,"Australia","1066622068","Macropus","Macropus",2440171,"WGS84",NA,NA,NA,NA,NA,NA,NA,NA,NA,NA,NA,NA,NA,NA,NA,"8dbf9e96-2f0a-4efb-bd3b-aa11185d199d",NA,"QM",NA,NA,"AU",1066622068,"Animalia",1,NA,"2015-10-19T05:51:14.840+0000","2016-08-04T10:56:56.660+0000","2015-04-30T09:48:35.746+0000",-27.54972,NA,NA,"-",NA,NA,152.87444,NA,4,NA,"8dbf9e96-2f0a-4efb-bd3b-aa11185d199d",NA,NA,"Diprotodontia",1452,NA,NA,NA,"Chordata",44,NA,NA,"DWC_ARCHIVE","AU","f9d3db7d-6ee9-4fbf-bd4c-e5d0f0bd26c6",NA,NA,NA,NA,NA,"Macropus dorsalis (Gray, 1837)",NA,"Macropus dorsalis",5219980,"dorsalis",NA,NA,5219980,"SPECIES",NA,NA,NA,NA,NA,NA,"Black-striped wallaby",1999,2016-08-25,40562,"Macropus dorsalis",1,1,1,"IUCN",2008,"IUCN (International Union for Conservation of Nature)",NA,NA,NA,"ANIMALIA","CHORDATA","MAMMALIA","DIPROTODONTIA","MACROPODIDAE","LC",64.9603069601,51.0669088217,TRUE
"947",NA,"Queensland",NA,NA,NA,"PRESERVED_SPECIMEN",NA,"JM11083","Mammalia",359,"-, Queensland, Australia","Mammals",NA,NA,0.0045,500,"Australia",NA,"a79c2b50-6c8a-11de-8226-b8a03c50a862",NA,NA,27,NA,NA,NA,NA,320,NA,NA,NA,"1999-09-27T00:00:00.000+0000",NA,NA,NA,"Macropodidae",9372,NA,"Australia","1066620195","Macropus","Macropus",2440171,"WGS84",NA,NA,NA,NA,NA,NA,NA,NA,NA,NA,NA,NA,NA,NA,NA,"04332a2f-930e-4895-aad2-d29639dfedcd",NA,"QM",NA,NA,"AU",1066620195,"Animalia",1,NA,"2015-10-19T05:51:14.538+0000","2016-08-04T10:56:32.991+0000","2015-04-30T09:48:34.514+0000",-23.45,NA,NA,"-",NA,NA,150.46667,NA,9,NA,"04332a2f-930e-4895-aad2-d29639dfedcd",NA,NA,"Diprotodontia",1452,NA,NA,NA,"Chordata",44,NA,NA,"DWC_ARCHIVE","AU","f9d3db7d-6ee9-4fbf-bd4c-e5d0f0bd26c6",NA,NA,NA,NA,NA,"Macropus dorsalis (Gray, 1837)",NA,"Macropus dorsalis",5219980,"dorsalis",NA,NA,5219980,"SPECIES",NA,NA,NA,NA,NA,NA,"Black-striped wallaby",1999,2016-08-25,40562,"Macropus dorsalis",1,1,1,"IUCN",2008,"IUCN (International Union for Conservation of Nature)",NA,NA,NA,"ANIMALIA","CHORDATA","MAMMALIA","DIPROTODONTIA","MACROPODIDAE","LC",64.9603069601,51.0669088217,TRUE
"950",NA,"Queensland",NA,NA,NA,"PRESERVED_SPECIMEN",NA,"JM13535","Mammalia",359,"-, Queensland, Australia","Mammals",NA,NA,0.0045,500,"Australia",NA,"a79c2b50-6c8a-11de-8226-b8a03c50a862",NA,NA,5,NA,NA,NA,NA,NA,NA,NA,NA,"1999-10-05T00:00:00.000+0000",NA,NA,NA,"Macropodidae",9372,NA,"Australia","1066622540","Macropus","Macropus",2440171,"WGS84",NA,NA,NA,NA,NA,NA,NA,NA,NA,NA,NA,NA,NA,NA,NA,"9a0943d5-0bbe-41c1-bb25-c53a54bd5bba",NA,"QM",NA,NA,"AU",1066622540,"Animalia",1,NA,"2015-10-19T05:51:14.904+0000","2016-08-04T10:56:28.122+0000","2015-04-30T09:48:36.087+0000",-21.745,NA,NA,"-",NA,NA,148.83889,NA,10,NA,"9a0943d5-0bbe-41c1-bb25-c53a54bd5bba",NA,NA,"Diprotodontia",1452,NA,NA,NA,"Chordata",44,NA,NA,"DWC_ARCHIVE","AU","f9d3db7d-6ee9-4fbf-bd4c-e5d0f0bd26c6",NA,NA,NA,NA,NA,"Macropus dorsalis (Gray, 1837)",NA,"Macropus dorsalis",5219980,"dorsalis",NA,NA,5219980,"SPECIES",NA,NA,NA,NA,NA,NA,"Black-striped wallaby",1999,2016-08-25,40562,"Macropus dorsalis",1,1,1,"IUCN",2008,"IUCN (International Union for Conservation of Nature)",NA,NA,NA,"ANIMALIA","CHORDATA","MAMMALIA","DIPROTODONTIA","MACROPODIDAE","LC",64.9603069601,51.0669088217,TRUE
"964",NA,"Queensland",NA,NA,NA,"PRESERVED_SPECIMEN",NA,"JM12134","Mammalia",359,"-, Queensland, Australia","Mammals",NA,NA,0.0045,500,"Australia",NA,"a79c2b50-6c8a-11de-8226-b8a03c50a862",NA,NA,1,NA,NA,NA,NA,NA,NA,NA,NA,"1997-01-01T00:00:00.000+0000",NA,NA,NA,"Macropodidae",9372,NA,"Australia","1066621027","Macropus","Macropus",2440171,"WGS84",NA,NA,NA,NA,NA,NA,NA,NA,NA,NA,NA,NA,NA,NA,NA,"ac9a49ff-9c0f-4250-abae-9ce9930ae480",NA,"QM",NA,NA,"AU",1066621027,"Animalia",1,NA,"2015-10-19T05:51:14.685+0000","2016-08-04T10:56:42.570+0000","2015-04-30T09:48:35.002+0000",-25.64056,NA,NA,"-",NA,NA,152.33028,NA,1,NA,"ac9a49ff-9c0f-4250-abae-9ce9930ae480",NA,NA,"Diprotodontia",1452,NA,NA,NA,"Chordata",44,NA,NA,"DWC_ARCHIVE","AU","f9d3db7d-6ee9-4fbf-bd4c-e5d0f0bd26c6","urn:qm.qld.gov.au:collector:5780",NA,NA,NA,NA,"Macropus dorsalis (Gray, 1837)",NA,"Macropus dorsalis",5219980,"dorsalis",NA,NA,5219980,"SPECIES",NA,NA,NA,NA,NA,NA,"Black-striped wallaby",1997,2016-08-25,40562,"Macropus dorsalis",1,1,1,"IUCN",2008,"IUCN (International Union for Conservation of Nature)",NA,NA,NA,"ANIMALIA","CHORDATA","MAMMALIA","DIPROTODONTIA","MACROPODIDAE","LC",64.9603069601,51.0669088217,TRUE
"968",NA,"Queensland",NA,NA,NA,"PRESERVED_SPECIMEN",NA,"JM11629","Mammalia",359,"-, Queensland, Australia","Mammals",NA,NA,0.01667,1000,"Australia",NA,"a79c2b50-6c8a-11de-8226-b8a03c50a862",NA,NA,29,NA,NA,NA,NA,NA,NA,NA,NA,"1997-05-29T00:00:00.000+0000",NA,NA,NA,"Macropodidae",9372,NA,"Australia","1066620687","Macropus","Macropus",2440171,"WGS84",NA,NA,NA,NA,NA,NA,NA,NA,NA,NA,NA,NA,NA,NA,NA,"c34dc1a1-25a7-49d9-9f94-7222fbf88258",NA,"QM",NA,NA,"AU",1066620687,"Animalia",1,NA,"2015-10-19T05:51:14.624+0000","2016-08-04T10:56:43.925+0000","2015-04-30T09:48:34.809+0000",-26.0485438322061,NA,NA,"-",NA,NA,152.634119632382,NA,5,NA,"c34dc1a1-25a7-49d9-9f94-7222fbf88258",NA,NA,"Diprotodontia",1452,NA,NA,NA,"Chordata",44,NA,NA,"DWC_ARCHIVE","AU","f9d3db7d-6ee9-4fbf-bd4c-e5d0f0bd26c6",NA,NA,NA,NA,NA,"Macropus dorsalis (Gray, 1837)",NA,"Macropus dorsalis",5219980,"dorsalis",NA,NA,5219980,"SPECIES",NA,NA,NA,NA,NA,NA,"Black-striped wallaby",1997,2016-08-25,40562,"Macropus dorsalis",1,1,1,"IUCN",2008,"IUCN (International Union for Conservation of Nature)",NA,NA,NA,"ANIMALIA","CHORDATA","MAMMALIA","DIPROTODONTIA","MACROPODIDAE","LC",64.9603069601,51.0669088217,TRUE
"971",NA,"Queensland",NA,NA,NA,"PRESERVED_SPECIMEN",NA,"JM12115","Mammalia",359,"-, Queensland, Australia","Mammals",NA,NA,0.00045,50,"Australia",NA,"a79c2b50-6c8a-11de-8226-b8a03c50a862",NA,NA,25,NA,NA,NA,NA,NA,NA,NA,NA,"1997-09-25T00:00:00.000+0000",NA,NA,NA,"Macropodidae",9372,NA,"Australia","1066620953","Macropus","Macropus",2440171,"WGS84",NA,NA,NA,NA,NA,NA,NA,NA,NA,NA,NA,NA,NA,NA,NA,"d73858f8-5d0c-4130-b7b3-ebbe539ae5b5",NA,"QM",NA,NA,"AU",1066620953,"Animalia",1,NA,"2015-10-19T05:51:14.683+0000","2016-08-04T10:56:39.070+0000","2015-04-30T09:48:34.968+0000",-25.21444,NA,NA,"-",NA,NA,148.97194,NA,9,NA,"d73858f8-5d0c-4130-b7b3-ebbe539ae5b5",NA,NA,"Diprotodontia",1452,NA,NA,NA,"Chordata",44,NA,NA,"DWC_ARCHIVE","AU","f9d3db7d-6ee9-4fbf-bd4c-e5d0f0bd26c6",NA,NA,NA,NA,NA,"Macropus dorsalis (Gray, 1837)",NA,"Macropus dorsalis",5219980,"dorsalis",NA,NA,5219980,"SPECIES",NA,NA,NA,NA,NA,NA,"Black-striped wallaby",1997,2016-08-25,40562,"Macropus dorsalis",1,1,1,"IUCN",2008,"IUCN (International Union for Conservation of Nature)",NA,NA,NA,"ANIMALIA","CHORDATA","MAMMALIA","DIPROTODONTIA","MACROPODIDAE","LC",64.9603069601,51.0669088217,TRUE
"972",NA,"Queensland",NA,NA,NA,"PRESERVED_SPECIMEN",NA,"JM12123","Mammalia",359,"-, Queensland, Australia","Mammals",NA,NA,0.0045,500,"Australia",NA,"a79c2b50-6c8a-11de-8226-b8a03c50a862",NA,NA,22,NA,NA,NA,NA,NA,NA,NA,NA,"1997-09-22T00:00:00.000+0000",NA,NA,NA,"Macropodidae",9372,NA,"Australia","1066621021","Macropus","Macropus",2440171,"WGS84",NA,NA,NA,NA,NA,NA,NA,NA,NA,NA,NA,NA,NA,NA,NA,"d4910e18-3866-4b32-87cc-5e5fe8048309",NA,"QM",NA,NA,"AU",1066621021,"Animalia",1,NA,"2015-10-19T05:51:14.687+0000","2016-08-04T10:56:38.937+0000","2015-04-30T09:48:35.001+0000",-25.16667,NA,NA,"-",NA,NA,150,NA,9,NA,"d4910e18-3866-4b32-87cc-5e5fe8048309",NA,NA,"Diprotodontia",1452,NA,NA,NA,"Chordata",44,NA,NA,"DWC_ARCHIVE","AU","f9d3db7d-6ee9-4fbf-bd4c-e5d0f0bd26c6","urn:qm.qld.gov.au:collector:91",NA,NA,NA,NA,"Macropus dorsalis (Gray, 1837)",NA,"Macropus dorsalis",5219980,"dorsalis",NA,NA,5219980,"SPECIES",NA,NA,NA,NA,NA,NA,"Black-striped wallaby",1997,2016-08-25,40562,"Macropus dorsalis",1,1,1,"IUCN",2008,"IUCN (International Union for Conservation of Nature)",NA,NA,NA,"ANIMALIA","CHORDATA","MAMMALIA","DIPROTODONTIA","MACROPODIDAE","LC",64.9603069601,51.0669088217,TRUE
"976",NA,"Queensland",NA,NA,NA,"PRESERVED_SPECIMEN",NA,"JM11091","Mammalia",359,"-, Queensland, Australia","Mammals",NA,NA,0.0045,500,"Australia",NA,"a79c2b50-6c8a-11de-8226-b8a03c50a862",NA,NA,1,NA,NA,NA,NA,NA,NA,NA,NA,"1996-03-01T00:00:00.000+0000",NA,NA,NA,"Macropodidae",9372,NA,"Australia","1066620179","Macropus","Macropus",2440171,"WGS84",NA,NA,NA,NA,NA,NA,NA,NA,NA,NA,NA,NA,NA,NA,NA,"dcb34082-1513-48e6-9c16-a3c272c36868",NA,"QM",NA,NA,"AU",1066620179,"Animalia",1,NA,"2015-10-19T05:51:14.539+0000","2016-08-04T10:56:34.436+0000","2015-04-30T09:48:34.506+0000",-23.51667,NA,NA,"-",NA,NA,148.86667,NA,3,NA,"dcb34082-1513-48e6-9c16-a3c272c36868",NA,NA,"Diprotodontia",1452,NA,NA,NA,"Chordata",44,NA,NA,"DWC_ARCHIVE","AU","f9d3db7d-6ee9-4fbf-bd4c-e5d0f0bd26c6",NA,NA,NA,NA,NA,"Macropus dorsalis (Gray, 1837)",NA,"Macropus dorsalis",5219980,"dorsalis",NA,NA,5219980,"SPECIES",NA,NA,NA,NA,NA,NA,"Black-striped wallaby",1996,2016-08-25,40562,"Macropus dorsalis",1,1,1,"IUCN",2008,"IUCN (International Union for Conservation of Nature)",NA,NA,NA,"ANIMALIA","CHORDATA","MAMMALIA","DIPROTODONTIA","MACROPODIDAE","LC",64.9603069601,51.0669088217,TRUE
"988",NA,"Queensland","not applicable",NA,NA,"MATERIAL_SAMPLE",NA,"G38037","Mammalia",359,"MAIDEN CREEK, N OF BOWEN, Queensland, not applicable, Australia, OCEANIA","GeneticSamples",NA,"OCEANIA",0.08333,2000,"Australia",NA,"0debafd0-6c8a-11de-8225-b8a03c50a862",NA,NA,19,NA,NA,NA,NA,NA,NA,NA,NA,"1994-09-19T00:00:00.000+0000",NA,NA,NA,"Macropodidae",9372,NA,"Australia","1257469660","Macropus","Macropus",2440171,"WGS84",NA,NA,NA,NA,NA,NA,NA,NA,NA,NA,NA,NA,NA,NA,NA,"a8599aac-e07b-4c7c-9be6-79833a5477d1",NA,"ANWC",NA,NA,"AU",1257469660,"Animalia",1,NA,"2016-08-19T07:26:14.192+0000","2016-08-03T11:46:21.310+0000","2016-06-21T13:47:00.792+0000",-19.9167,NA,NA,"MAIDEN CREEK, N OF BOWEN",NA,NA,147.9167,NA,9,NA,"a8599aac-e07b-4c7c-9be6-79833a5477d1",NA,NA,"Diprotodontia",1452,NA,NA,NA,"Chordata",44,NA,NA,"DWC_ARCHIVE","AU","602f0aa0-1f3e-11da-9ae9-b8a03c50a862",NA,NA,NA,NA,NA,"Macropus dorsalis (Gray, 1837)",NA,"Macropus dorsalis",5219980,"dorsalis",NA,NA,5219980,"SPECIES",NA,NA,NA,NA,NA,NA,"Black-striped Wallaby",1994,2016-08-25,40562,"Macropus dorsalis",1,1,1,"IUCN",2008,"IUCN (International Union for Conservation of Nature)",NA,NA,NA,"ANIMALIA","CHORDATA","MAMMALIA","DIPROTODONTIA","MACROPODIDAE","LC",64.9603069601,51.0669088217,TRUE
"989",NA,"Queensland",NA,NA,NA,"PRESERVED_SPECIMEN",NA,"JM11013","Mammalia",359,"-, Queensland, Australia","Mammals",NA,NA,0.009,1000,"Australia",NA,"a79c2b50-6c8a-11de-8226-b8a03c50a862",NA,NA,21,NA,NA,NA,NA,NA,NA,NA,NA,"1994-09-21T00:00:00.000+0000",NA,NA,NA,"Macropodidae",9372,NA,"Australia","1066620079","Macropus","Macropus",2440171,"WGS84",NA,NA,NA,NA,NA,NA,NA,NA,NA,NA,NA,NA,NA,NA,NA,"7148e1c3-ee12-46cb-8708-926a8bd68523",NA,"QM",NA,NA,"AU",1066620079,"Animalia",1,NA,"2015-10-19T05:51:14.528+0000","2016-08-04T10:56:44.550+0000","2015-04-30T09:48:34.447+0000",-26.2652162146185,NA,NA,"-",NA,NA,152.000799962425,NA,9,NA,"7148e1c3-ee12-46cb-8708-926a8bd68523",NA,NA,"Diprotodontia",1452,NA,NA,NA,"Chordata",44,NA,NA,"DWC_ARCHIVE","AU","f9d3db7d-6ee9-4fbf-bd4c-e5d0f0bd26c6",NA,NA,NA,NA,NA,"Macropus dorsalis (Gray, 1837)",NA,"Macropus dorsalis",5219980,"dorsalis",NA,NA,5219980,"SPECIES",NA,NA,NA,NA,NA,NA,"Black-striped wallaby",1994,2016-08-25,40562,"Macropus dorsalis",1,1,1,"IUCN",2008,"IUCN (International Union for Conservation of Nature)",NA,NA,NA,"ANIMALIA","CHORDATA","MAMMALIA","DIPROTODONTIA","MACROPODIDAE","LC",64.9603069601,51.0669088217,TRUE
"992",NA,"Queensland",NA,NA,NA,"PRESERVED_SPECIMEN",NA,"JM10673","Mammalia",359,"-, Queensland, Australia","Mammals",NA,NA,0.01667,500,"Australia",NA,"a79c2b50-6c8a-11de-8226-b8a03c50a862",NA,NA,27,NA,NA,NA,NA,NA,NA,NA,NA,"1994-11-27T00:00:00.000+0000",NA,NA,NA,"Macropodidae",9372,NA,"Australia","1066619744","Macropus","Macropus",2440171,"WGS84",NA,NA,NA,NA,NA,NA,NA,NA,NA,NA,NA,NA,NA,NA,NA,"aa341107-5963-4b9b-90a2-14600f04a758",NA,"QM",NA,NA,"AU",1066619744,"Animalia",1,NA,"2015-10-19T05:51:14.446+0000","2016-08-04T10:56:57.404+0000","2015-04-30T09:48:34.263+0000",-27.5875,NA,NA,"-",NA,NA,153.00417,NA,11,NA,"aa341107-5963-4b9b-90a2-14600f04a758",NA,NA,"Diprotodontia",1452,NA,NA,NA,"Chordata",44,NA,NA,"DWC_ARCHIVE","AU","f9d3db7d-6ee9-4fbf-bd4c-e5d0f0bd26c6",NA,NA,NA,NA,NA,"Macropus dorsalis (Gray, 1837)",NA,"Macropus dorsalis",5219980,"dorsalis",NA,NA,5219980,"SPECIES",NA,NA,NA,NA,NA,NA,"Black-striped wallaby",1994,2016-08-25,40562,"Macropus dorsalis",1,1,1,"IUCN",2008,"IUCN (International Union for Conservation of Nature)",NA,NA,NA,"ANIMALIA","CHORDATA","MAMMALIA","DIPROTODONTIA","MACROPODIDAE","LC",64.9603069601,51.0669088217,TRUE
"993",NA,"Queensland","not applicable",NA,NA,"MATERIAL_SAMPLE",NA,"G38136","Mammalia",359,"MERINDA VIA BOWEN, Queensland, not applicable, Australia, OCEANIA","GeneticSamples",NA,"OCEANIA",0.01667,2000,"Australia",NA,"0debafd0-6c8a-11de-8225-b8a03c50a862",NA,NA,24,NA,NA,NA,NA,NA,NA,NA,NA,"1994-11-24T00:00:00.000+0000",NA,NA,NA,"Macropodidae",9372,NA,"Australia","1257469778","Macropus","Macropus",2440171,"WGS84",NA,NA,NA,NA,NA,NA,NA,NA,NA,NA,NA,NA,NA,NA,NA,"cadb557a-b154-49a9-ba96-49d284467307",NA,"ANWC",NA,NA,"AU",1257469778,"Animalia",1,NA,"2016-08-19T07:26:14.243+0000","2016-08-03T11:46:21.368+0000","2016-06-21T13:47:00.900+0000",-20.0167,NA,NA,"MERINDA VIA BOWEN",NA,NA,148.15,NA,11,NA,"cadb557a-b154-49a9-ba96-49d284467307",NA,NA,"Diprotodontia",1452,NA,NA,NA,"Chordata",44,NA,NA,"DWC_ARCHIVE","AU","602f0aa0-1f3e-11da-9ae9-b8a03c50a862",NA,NA,NA,NA,NA,"Macropus dorsalis (Gray, 1837)",NA,"Macropus dorsalis",5219980,"dorsalis",NA,NA,5219980,"SPECIES",NA,NA,NA,NA,NA,NA,"Black-striped Wallaby",1994,2016-08-25,40562,"Macropus dorsalis",1,1,1,"IUCN",2008,"IUCN (International Union for Conservation of Nature)",NA,NA,NA,"ANIMALIA","CHORDATA","MAMMALIA","DIPROTODONTIA","MACROPODIDAE","LC",64.9603069601,51.0669088217,TRUE
"995",NA,"Queensland",NA,NA,NA,"PRESERVED_SPECIMEN",NA,"JM10084","Mammalia",359,"-, Queensland, Australia","Mammals",NA,NA,NA,NA,"Australia",NA,"a79c2b50-6c8a-11de-8226-b8a03c50a862",NA,NA,8,NA,NA,NA,NA,NA,NA,NA,NA,"1993-01-08T00:00:00.000+0000",NA,NA,NA,"Macropodidae",9372,NA,"Australia","1066619136","Macropus","Macropus",2440171,"WGS84",NA,NA,NA,NA,NA,NA,NA,NA,NA,NA,NA,NA,NA,NA,NA,"7683bee4-9bf3-4f8b-8188-03c868db68cb",NA,"QM",NA,NA,"AU",1066619136,"Animalia",1,NA,"2015-10-19T05:51:14.328+0000","2016-08-04T10:56:47.245+0000","2015-04-30T09:48:33.795+0000",-26.85,NA,NA,"-",NA,NA,152.88333,NA,1,NA,"7683bee4-9bf3-4f8b-8188-03c868db68cb",NA,NA,"Diprotodontia",1452,NA,NA,NA,"Chordata",44,NA,NA,"DWC_ARCHIVE","AU","f9d3db7d-6ee9-4fbf-bd4c-e5d0f0bd26c6",NA,NA,NA,NA,NA,"Macropus dorsalis (Gray, 1837)",NA,"Macropus dorsalis",5219980,"dorsalis",NA,NA,5219980,"SPECIES",NA,NA,NA,NA,NA,NA,"Black-striped wallaby",1993,2016-08-25,40562,"Macropus dorsalis",1,1,1,"IUCN",2008,"IUCN (International Union for Conservation of Nature)",NA,NA,NA,"ANIMALIA","CHORDATA","MAMMALIA","DIPROTODONTIA","MACROPODIDAE","LC",64.9603069601,51.0669088217,TRUE
"996",NA,"Queensland",NA,NA,NA,"PRESERVED_SPECIMEN",NA,"JM11610","Mammalia",359,"-, Queensland, Australia","Mammals",NA,NA,NA,NA,"Australia",NA,"a79c2b50-6c8a-11de-8226-b8a03c50a862",NA,NA,24,NA,NA,NA,NA,NA,NA,NA,NA,"1993-03-24T00:00:00.000+0000",NA,NA,NA,"Macropodidae",9372,NA,"Australia","1066620707","Macropus","Macropus",2440171,"WGS84",NA,NA,NA,NA,NA,NA,NA,NA,NA,NA,NA,NA,NA,NA,NA,"e39ae700-79b3-4936-b4b5-1aafb962b820",NA,"QM",NA,NA,"AU",1066620707,"Animalia",1,NA,"2015-10-19T05:51:14.620+0000","2016-08-04T10:56:53.052+0000","2015-04-30T09:48:34.821+0000",-27.46667,NA,NA,"-",NA,NA,152.58333,NA,3,NA,"e39ae700-79b3-4936-b4b5-1aafb962b820",NA,NA,"Diprotodontia",1452,NA,NA,NA,"Chordata",44,NA,NA,"DWC_ARCHIVE","AU","f9d3db7d-6ee9-4fbf-bd4c-e5d0f0bd26c6",NA,NA,NA,NA,NA,"Macropus dorsalis (Gray, 1837)",NA,"Macropus dorsalis",5219980,"dorsalis",NA,NA,5219980,"SPECIES",NA,NA,NA,NA,NA,NA,"Black-striped wallaby",1993,2016-08-25,40562,"Macropus dorsalis",1,1,1,"IUCN",2008,"IUCN (International Union for Conservation of Nature)",NA,NA,NA,"ANIMALIA","CHORDATA","MAMMALIA","DIPROTODONTIA","MACROPODIDAE","LC",64.9603069601,51.0669088217,TRUE
"1002",NA,"Queensland",NA,NA,NA,"PRESERVED_SPECIMEN",NA,"JM12530","Mammalia",359,"-, Queensland, Australia","Mammals",NA,NA,0.0045,500,"Australia",NA,"a79c2b50-6c8a-11de-8226-b8a03c50a862",NA,NA,10,NA,NA,NA,NA,NA,NA,NA,NA,"1992-06-10T00:00:00.000+0000",NA,NA,NA,"Macropodidae",9372,NA,"Australia","1066621432","Macropus","Macropus",2440171,"WGS84",NA,NA,NA,NA,NA,NA,NA,NA,NA,NA,NA,NA,NA,NA,NA,"ab6e35d0-dc1b-4894-a091-a7937d4ca435",NA,"QM",NA,NA,"AU",1066621432,"Animalia",1,NA,"2015-10-19T05:51:14.746+0000","2016-08-04T10:56:44.063+0000","2015-04-30T09:48:35.267+0000",-26.11667,NA,NA,"-",NA,NA,151.96667,NA,6,NA,"ab6e35d0-dc1b-4894-a091-a7937d4ca435",NA,NA,"Diprotodontia",1452,NA,NA,NA,"Chordata",44,NA,NA,"DWC_ARCHIVE","AU","f9d3db7d-6ee9-4fbf-bd4c-e5d0f0bd26c6",NA,NA,NA,NA,NA,"Macropus dorsalis (Gray, 1837)",NA,"Macropus dorsalis",5219980,"dorsalis",NA,NA,5219980,"SPECIES",NA,NA,NA,NA,NA,NA,"Black-striped wallaby",1992,2016-08-25,40562,"Macropus dorsalis",1,1,1,"IUCN",2008,"IUCN (International Union for Conservation of Nature)",NA,NA,NA,"ANIMALIA","CHORDATA","MAMMALIA","DIPROTODONTIA","MACROPODIDAE","LC",64.9603069601,51.0669088217,TRUE
"1012",NA,"Queensland",NA,NA,NA,"PRESERVED_SPECIMEN",NA,"JM12550","Mammalia",359,"-, Queensland, Australia","Mammals",NA,NA,0.0045,500,"Australia",NA,"a79c2b50-6c8a-11de-8226-b8a03c50a862",NA,NA,10,NA,NA,NA,NA,NA,NA,NA,NA,"1992-08-10T00:00:00.000+0000",NA,NA,NA,"Macropodidae",9372,NA,"Australia","1066621479","Macropus","Macropus",2440171,"WGS84",NA,NA,NA,NA,NA,NA,NA,NA,NA,NA,NA,NA,NA,NA,NA,"8e903427-d49f-4816-814c-2590ff5bce00",NA,"QM",NA,NA,"AU",1066621479,"Animalia",1,NA,"2015-10-19T05:51:14.751+0000","2016-08-04T10:56:36.380+0000","2015-04-30T09:48:35.292+0000",-24.1,NA,NA,"-",NA,NA,150.5,NA,8,NA,"8e903427-d49f-4816-814c-2590ff5bce00",NA,NA,"Diprotodontia",1452,NA,NA,NA,"Chordata",44,NA,NA,"DWC_ARCHIVE","AU","f9d3db7d-6ee9-4fbf-bd4c-e5d0f0bd26c6",NA,NA,NA,NA,NA,"Macropus dorsalis (Gray, 1837)",NA,"Macropus dorsalis",5219980,"dorsalis",NA,NA,5219980,"SPECIES",NA,NA,NA,NA,NA,NA,"Black-striped wallaby",1992,2016-08-25,40562,"Macropus dorsalis",1,1,1,"IUCN",2008,"IUCN (International Union for Conservation of Nature)",NA,NA,NA,"ANIMALIA","CHORDATA","MAMMALIA","DIPROTODONTIA","MACROPODIDAE","LC",64.9603069601,51.0669088217,TRUE
"1019",NA,"Queensland","not applicable",NA,NA,"MATERIAL_SAMPLE",NA,"G34627","Mammalia",359,"SHOALWATER BAY ARMY TRAINING RESERVE, N OF ROCKHAMPTON, Queensland, not applicable, Australia, OCEANIA","GeneticSamples",NA,"OCEANIA",0.000278,2000,"Australia",NA,"0debafd0-6c8a-11de-8225-b8a03c50a862",NA,NA,22,NA,NA,NA,NA,NA,NA,NA,NA,"1991-08-22T00:00:00.000+0000",NA,NA,NA,"Macropodidae",9372,NA,"Australia","1257465916","Macropus","Macropus",2440171,"WGS84",NA,NA,NA,NA,NA,NA,NA,NA,NA,NA,NA,NA,NA,NA,NA,"4510bf17-0ed7-4bb0-8a1a-abfb158d8635",NA,"ANWC",NA,NA,"AU",1257465916,"Animalia",1,NA,"2016-08-19T07:26:13.266+0000","2016-08-03T11:46:22.373+0000","2016-06-21T13:46:49.741+0000",-22.6542,NA,NA,"SHOALWATER BAY ARMY TRAINING RESERVE, N OF ROCKHAMPTON",NA,"6.5 KM N OF THE POLYGON RUINS/NTH STH RD, THE PLAINS SECT",150.2483,NA,8,NA,"4510bf17-0ed7-4bb0-8a1a-abfb158d8635",NA,NA,"Diprotodontia",1452,NA,NA,NA,"Chordata",44,NA,NA,"DWC_ARCHIVE","AU","602f0aa0-1f3e-11da-9ae9-b8a03c50a862",NA,NA,NA,NA,NA,"Macropus dorsalis (Gray, 1837)",NA,"Macropus dorsalis",5219980,"dorsalis",NA,NA,5219980,"SPECIES",NA,NA,NA,NA,NA,NA,"Black-striped Wallaby",1991,2016-08-25,40562,"Macropus dorsalis",1,1,1,"IUCN",2008,"IUCN (International Union for Conservation of Nature)",NA,NA,NA,"ANIMALIA","CHORDATA","MAMMALIA","DIPROTODONTIA","MACROPODIDAE","LC",64.9603069601,51.0669088217,TRUE
"1028",NA,"Queensland","not applicable",NA,NA,"PRESERVED_SPECIMEN",NA,"M23877","Mammalia",359,"SHOALWATER BAY ARMY TRAINING RESERVE, N OF ROCKHAMPTON, Queensland, not applicable, Australia, OCEANIA","Mammals",NA,"OCEANIA",0.000278,2000,"Australia",NA,"0debafd0-6c8a-11de-8225-b8a03c50a862",NA,NA,27,NA,NA,NA,NA,NA,NA,NA,NA,"1991-08-27T00:00:00.000+0000",NA,NA,NA,"Macropodidae",9372,NA,"Australia","332036825","Macropus","Macropus",2440171,"WGS84",NA,NA,NA,NA,NA,NA,NA,NA,NA,NA,NA,NA,NA,NA,NA,"e60d3adb-a96e-49e2-8795-53b3e920d861",NA,"ANWC",NA,NA,"AU",332036825,"Animalia",1,NA,"2016-08-19T07:26:24.795+0000","2016-08-03T11:46:21.754+0000","2015-04-30T07:14:40.091+0000",-22.4058,NA,NA,"SHOALWATER BAY ARMY TRAINING RESERVE, N OF ROCKHAMPTON",NA,"SITE 7, 0.5 KM SW OF SABINA POINT",150.2936,NA,8,NA,"e60d3adb-a96e-49e2-8795-53b3e920d861",NA,NA,"Diprotodontia",1452,NA,NA,NA,"Chordata",44,NA,NA,"DWC_ARCHIVE","AU","602f0aa0-1f3e-11da-9ae9-b8a03c50a862",NA,NA,NA,NA,NA,"Macropus dorsalis (Gray, 1837)",NA,"Macropus dorsalis",5219980,"dorsalis",NA,NA,5219980,"SPECIES",NA,NA,NA,NA,NA,NA,"Black-striped Wallaby",1991,2016-08-25,40562,"Macropus dorsalis",1,1,1,"IUCN",2008,"IUCN (International Union for Conservation of Nature)",NA,NA,NA,"ANIMALIA","CHORDATA","MAMMALIA","DIPROTODONTIA","MACROPODIDAE","LC",64.9603069601,51.0669088217,TRUE
"1037",NA,"Queensland",NA,NA,NA,"PRESERVED_SPECIMEN",NA,"JM3856","Mammalia",359,"-, Queensland, Australia","Mammals",NA,NA,NA,NA,"Australia",NA,"a79c2b50-6c8a-11de-8226-b8a03c50a862",NA,NA,25,NA,NA,NA,NA,NA,NA,NA,NA,"1982-10-25T00:00:00.000+0000",NA,NA,NA,"Macropodidae",9372,NA,"Australia","1066626334","Macropus","Macropus",2440171,"WGS84",NA,NA,NA,NA,NA,NA,NA,NA,NA,NA,NA,NA,NA,NA,NA,"75e62600-9acc-475c-a5c5-5ddf8648ffa4",NA,"QM",NA,NA,"AU",1066626334,"Animalia",1,NA,"2015-10-19T05:51:15.519+0000","2016-08-04T10:56:36.268+0000","2015-04-30T09:48:39.246+0000",-23.85,NA,NA,"-",NA,NA,148.13333,NA,10,NA,"75e62600-9acc-475c-a5c5-5ddf8648ffa4",NA,NA,"Diprotodontia",1452,NA,NA,NA,"Chordata",44,NA,NA,"DWC_ARCHIVE","AU","f9d3db7d-6ee9-4fbf-bd4c-e5d0f0bd26c6",NA,NA,NA,NA,NA,"Macropus dorsalis (Gray, 1837)",NA,"Macropus dorsalis",5219980,"dorsalis",NA,NA,5219980,"SPECIES",NA,NA,NA,NA,NA,NA,"Black-striped wallaby",1982,2016-08-25,40562,"Macropus dorsalis",1,1,1,"IUCN",2008,"IUCN (International Union for Conservation of Nature)",NA,NA,NA,"ANIMALIA","CHORDATA","MAMMALIA","DIPROTODONTIA","MACROPODIDAE","LC",64.9603069601,51.0669088217,TRUE
"1044",NA,"Queensland",NA,NA,NA,"PRESERVED_SPECIMEN",NA,"JM13620","Mammalia",359,"-, Queensland, Australia","Mammals",NA,NA,0.009,1000,"Australia",NA,"a79c2b50-6c8a-11de-8226-b8a03c50a862",NA,NA,21,NA,NA,NA,NA,NA,NA,NA,NA,"1979-08-21T00:00:00.000+0000",NA,NA,NA,"Macropodidae",9372,NA,"Australia","1066622578","Macropus","Macropus",2440171,"WGS84",NA,NA,NA,NA,NA,NA,NA,NA,NA,NA,NA,NA,NA,NA,NA,"96bfbe1f-e40c-4262-8dbc-ba93362619ec",NA,"QM",NA,NA,"AU",1066622578,"Animalia",1,NA,"2015-10-19T05:51:14.916+0000","2016-08-04T10:56:38.167+0000","2015-04-30T09:48:36.112+0000",-24.865222986095,NA,NA,"-",NA,NA,151.117475030623,NA,8,NA,"96bfbe1f-e40c-4262-8dbc-ba93362619ec",NA,NA,"Diprotodontia",1452,NA,NA,NA,"Chordata",44,NA,NA,"DWC_ARCHIVE","AU","f9d3db7d-6ee9-4fbf-bd4c-e5d0f0bd26c6",NA,NA,NA,NA,NA,"Macropus dorsalis (Gray, 1837)",NA,"Macropus dorsalis",5219980,"dorsalis",NA,NA,5219980,"SPECIES",NA,NA,NA,NA,NA,NA,"Black-striped wallaby",1979,2016-08-25,40562,"Macropus dorsalis",1,1,1,"IUCN",2008,"IUCN (International Union for Conservation of Nature)",NA,NA,NA,"ANIMALIA","CHORDATA","MAMMALIA","DIPROTODONTIA","MACROPODIDAE","LC",64.9603069601,51.0669088217,TRUE
"1049",NA,"Queensland",NA,NA,NA,"PRESERVED_SPECIMEN",NA,"JM13027","Mammalia",359,"-, Queensland, Australia","Mammals",NA,NA,0.0045,500,"Australia",NA,"a79c2b50-6c8a-11de-8226-b8a03c50a862",NA,NA,7,NA,NA,NA,NA,NA,NA,NA,NA,"1977-10-07T00:00:00.000+0000",NA,NA,NA,"Macropodidae",9372,NA,"Australia","1066621955","Macropus","Macropus",2440171,"WGS84",NA,NA,NA,NA,NA,NA,NA,NA,NA,NA,NA,NA,NA,NA,NA,"3cbd589f-478b-435e-9156-7303a5fa37a3",NA,"QM",NA,NA,"AU",1066621955,"Animalia",1,NA,"2015-10-19T05:51:14.828+0000","2016-08-04T10:56:31.208+0000","2015-04-30T09:48:35.671+0000",-23.06667,NA,NA,"-",NA,NA,149.53333,NA,10,NA,"3cbd589f-478b-435e-9156-7303a5fa37a3",NA,NA,"Diprotodontia",1452,NA,NA,NA,"Chordata",44,NA,NA,"DWC_ARCHIVE","AU","f9d3db7d-6ee9-4fbf-bd4c-e5d0f0bd26c6",NA,NA,NA,NA,NA,"Macropus dorsalis (Gray, 1837)",NA,"Macropus dorsalis",5219980,"dorsalis",NA,NA,5219980,"SPECIES",NA,NA,NA,NA,NA,NA,"Black-striped wallaby",1977,2016-08-25,40562,"Macropus dorsalis",1,1,1,"IUCN",2008,"IUCN (International Union for Conservation of Nature)",NA,NA,NA,"ANIMALIA","CHORDATA","MAMMALIA","DIPROTODONTIA","MACROPODIDAE","LC",64.9603069601,51.0669088217,TRUE
"1050",NA,"Queensland",NA,NA,NA,"PRESERVED_SPECIMEN",NA,"JM1947","Mammalia",359,"-, Queensland, Australia","Mammals",NA,NA,NA,NA,"Australia",NA,"a79c2b50-6c8a-11de-8226-b8a03c50a862",NA,NA,12,NA,NA,NA,NA,NA,NA,NA,NA,"1976-06-12T00:00:00.000+0000",NA,NA,NA,"Macropodidae",9372,NA,"Australia","1066624639","Macropus","Macropus",2440171,"WGS84",NA,NA,NA,NA,NA,NA,NA,NA,NA,NA,NA,NA,NA,NA,NA,"6663eb2a-54cd-4739-8ed1-7045b721df3d",NA,"QM",NA,NA,"AU",1066624639,"Animalia",1,NA,"2015-10-19T05:51:15.263+0000","2016-08-04T10:56:38.479+0000","2015-04-30T09:48:37.836+0000",-24.95,NA,NA,"-",NA,NA,150.08333,NA,6,NA,"6663eb2a-54cd-4739-8ed1-7045b721df3d",NA,NA,"Diprotodontia",1452,NA,NA,NA,"Chordata",44,NA,NA,"DWC_ARCHIVE","AU","f9d3db7d-6ee9-4fbf-bd4c-e5d0f0bd26c6",NA,NA,NA,NA,NA,"Macropus dorsalis (Gray, 1837)",NA,"Macropus dorsalis",5219980,"dorsalis",NA,NA,5219980,"SPECIES",NA,NA,NA,NA,NA,NA,"Black-striped wallaby",1976,2016-08-25,40562,"Macropus dorsalis",1,1,1,"IUCN",2008,"IUCN (International Union for Conservation of Nature)",NA,NA,NA,"ANIMALIA","CHORDATA","MAMMALIA","DIPROTODONTIA","MACROPODIDAE","LC",64.9603069601,51.0669088217,TRUE
"1051",NA,"Queensland",NA,NA,NA,"PRESERVED_SPECIMEN",NA,"JM1951","Mammalia",359,"-, Queensland, Australia","Mammals",NA,NA,NA,NA,"Australia",NA,"a79c2b50-6c8a-11de-8226-b8a03c50a862",NA,NA,12,NA,NA,NA,NA,NA,NA,NA,NA,"1976-06-12T00:00:00.000+0000",NA,NA,NA,"Macropodidae",9372,NA,"Australia","1066624682","Macropus","Macropus",2440171,"WGS84",NA,NA,NA,NA,NA,NA,NA,NA,NA,NA,NA,NA,NA,NA,NA,"86028841-73d3-48f9-ba03-115fe0c7df04",NA,"QM",NA,NA,"AU",1066624682,"Animalia",1,NA,"2015-10-19T05:51:15.260+0000","2016-08-04T10:56:37.658+0000","2015-04-30T09:48:37.886+0000",-24.56667,NA,NA,"-",NA,NA,149.98333,NA,6,NA,"86028841-73d3-48f9-ba03-115fe0c7df04",NA,NA,"Diprotodontia",1452,NA,NA,NA,"Chordata",44,NA,NA,"DWC_ARCHIVE","AU","f9d3db7d-6ee9-4fbf-bd4c-e5d0f0bd26c6",NA,NA,NA,NA,NA,"Macropus dorsalis (Gray, 1837)",NA,"Macropus dorsalis",5219980,"dorsalis",NA,NA,5219980,"SPECIES",NA,NA,NA,NA,NA,NA,"Black-striped wallaby",1976,2016-08-25,40562,"Macropus dorsalis",1,1,1,"IUCN",2008,"IUCN (International Union for Conservation of Nature)",NA,NA,NA,"ANIMALIA","CHORDATA","MAMMALIA","DIPROTODONTIA","MACROPODIDAE","LC",64.9603069601,51.0669088217,TRUE
"1056",NA,"Queensland",NA,NA,NA,"PRESERVED_SPECIMEN",NA,"JM1164","Mammalia",359,"-, Queensland, Australia","Mammals",NA,NA,NA,NA,"Australia",NA,"a79c2b50-6c8a-11de-8226-b8a03c50a862",NA,NA,2,NA,NA,NA,NA,NA,NA,NA,NA,"1975-04-02T00:00:00.000+0000",NA,NA,NA,"Macropodidae",9372,NA,"Australia","1066620763","Macropus","Macropus",2440171,"WGS84",NA,NA,NA,NA,NA,NA,NA,NA,NA,NA,NA,NA,NA,NA,NA,"21b5eb4d-f438-4ba2-870b-b1362c73d669",NA,"QM",NA,NA,"AU",1066620763,"Animalia",1,NA,"2015-10-19T05:51:14.622+0000","2016-08-04T10:56:27.102+0000","2015-04-30T09:48:34.855+0000",-21.45,NA,NA,"-",NA,NA,148.53333,NA,4,NA,"21b5eb4d-f438-4ba2-870b-b1362c73d669",NA,NA,"Diprotodontia",1452,NA,NA,NA,"Chordata",44,NA,NA,"DWC_ARCHIVE","AU","f9d3db7d-6ee9-4fbf-bd4c-e5d0f0bd26c6",NA,NA,NA,NA,NA,"Macropus dorsalis (Gray, 1837)",NA,"Macropus dorsalis",5219980,"dorsalis",NA,NA,5219980,"SPECIES",NA,NA,NA,NA,NA,NA,"Black-striped wallaby",1975,2016-08-25,40562,"Macropus dorsalis",1,1,1,"IUCN",2008,"IUCN (International Union for Conservation of Nature)",NA,NA,NA,"ANIMALIA","CHORDATA","MAMMALIA","DIPROTODONTIA","MACROPODIDAE","LC",64.9603069601,51.0669088217,TRUE
"1059",NA,"Queensland",NA,NA,NA,"PRESERVED_SPECIMEN",NA,"JM12887","Mammalia",359,"-, Queensland, Australia","Mammals",NA,NA,0.0045,500,"Australia",NA,"a79c2b50-6c8a-11de-8226-b8a03c50a862",NA,NA,12,NA,NA,NA,NA,NA,NA,NA,NA,"1975-07-12T00:00:00.000+0000",NA,NA,NA,"Macropodidae",9372,NA,"Australia","1066621843","Macropus","Macropus",2440171,"WGS84",NA,NA,NA,NA,NA,NA,NA,NA,NA,NA,NA,NA,NA,NA,NA,"7410281a-d17d-4410-8993-f813b02ed705",NA,"QM",NA,NA,"AU",1066621843,"Animalia",1,NA,"2015-10-19T05:51:14.804+0000","2016-08-04T10:56:34.621+0000","2015-04-30T09:48:35.567+0000",-23.56667,NA,NA,"-",NA,NA,149.18333,NA,7,NA,"7410281a-d17d-4410-8993-f813b02ed705",NA,NA,"Diprotodontia",1452,NA,NA,NA,"Chordata",44,NA,NA,"DWC_ARCHIVE","AU","f9d3db7d-6ee9-4fbf-bd4c-e5d0f0bd26c6",NA,NA,NA,NA,NA,"Macropus dorsalis (Gray, 1837)",NA,"Macropus dorsalis",5219980,"dorsalis",NA,NA,5219980,"SPECIES",NA,NA,NA,NA,NA,NA,"Black-striped wallaby",1975,2016-08-25,40562,"Macropus dorsalis",1,1,1,"IUCN",2008,"IUCN (International Union for Conservation of Nature)",NA,NA,NA,"ANIMALIA","CHORDATA","MAMMALIA","DIPROTODONTIA","MACROPODIDAE","LC",64.9603069601,51.0669088217,TRUE
"1062",NA,"Queensland","not applicable",NA,NA,"PRESERVED_SPECIMEN",NA,"M18040","Mammalia",359,"NARYAYEN CSIRO RESEARCH STATION, MUNDUBBERA, Queensland, not applicable, Australia, OCEANIA","Mammals",NA,"OCEANIA",0.01667,2000,"Australia",NA,"0debafd0-6c8a-11de-8225-b8a03c50a862",NA,NA,15,NA,NA,NA,NA,NA,NA,NA,NA,"1973-01-15T00:00:00.000+0000",NA,NA,NA,"Macropodidae",9372,NA,"Australia","332036818","Macropus","Macropus",2440171,"WGS84",NA,NA,NA,NA,NA,NA,NA,NA,NA,NA,NA,NA,NA,NA,NA,"626f6af9-f185-4bfc-a136-2232f34307c0",NA,"ANWC",NA,NA,"AU",332036818,"Animalia",1,NA,"2016-08-19T07:26:23.479+0000","2016-08-03T11:46:23.773+0000","2015-04-30T07:14:36.968+0000",-25.5833,NA,NA,"NARYAYEN CSIRO RESEARCH STATION, MUNDUBBERA",NA,"AIRSTRIP",151.3,NA,1,NA,"626f6af9-f185-4bfc-a136-2232f34307c0",NA,NA,"Diprotodontia",1452,NA,NA,NA,"Chordata",44,NA,NA,"DWC_ARCHIVE","AU","602f0aa0-1f3e-11da-9ae9-b8a03c50a862",NA,NA,NA,NA,NA,"Macropus dorsalis (Gray, 1837)",NA,"Macropus dorsalis",5219980,"dorsalis",NA,NA,5219980,"SPECIES",NA,NA,NA,NA,NA,NA,"Black-striped Wallaby",1973,2016-08-25,40562,"Macropus dorsalis",1,1,1,"IUCN",2008,"IUCN (International Union for Conservation of Nature)",NA,NA,NA,"ANIMALIA","CHORDATA","MAMMALIA","DIPROTODONTIA","MACROPODIDAE","LC",64.9603069601,51.0669088217,TRUE
"1063",NA,"Queensland","not applicable",NA,NA,"PRESERVED_SPECIMEN",NA,"M03304","Mammalia",359,"NARAYEN CSIRO RESEARCH STATION, MUNDUBBERA, Queensland, not applicable, Australia, OCEANIA","Mammals",NA,"OCEANIA",0.01667,2000,"Australia",NA,"0debafd0-6c8a-11de-8225-b8a03c50a862",NA,NA,15,NA,NA,NA,NA,NA,NA,NA,NA,"1973-02-15T00:00:00.000+0000",NA,NA,NA,"Macropodidae",9372,NA,"Australia","332036662","Macropus","Macropus",2440171,"WGS84",NA,NA,NA,NA,NA,NA,NA,NA,NA,NA,NA,NA,NA,NA,NA,"0b8a14af-4f9d-4dfd-bb1c-a057ca7af72e",NA,"ANWC",NA,NA,"AU",332036662,"Animalia",1,NA,"2016-08-19T07:26:18.718+0000","2016-08-03T11:46:23.874+0000","2015-04-30T07:14:28.749+0000",-25.7167,NA,NA,"NARAYEN CSIRO RESEARCH STATION, MUNDUBBERA",NA,NA,150.8333,NA,2,NA,"0b8a14af-4f9d-4dfd-bb1c-a057ca7af72e",NA,NA,"Diprotodontia",1452,NA,NA,NA,"Chordata",44,NA,NA,"DWC_ARCHIVE","AU","602f0aa0-1f3e-11da-9ae9-b8a03c50a862",NA,NA,NA,NA,NA,"Macropus dorsalis (Gray, 1837)",NA,"Macropus dorsalis",5219980,"dorsalis",NA,NA,5219980,"SPECIES",NA,NA,NA,NA,NA,NA,"Black-striped Wallaby",1973,2016-08-25,40562,"Macropus dorsalis",1,1,1,"IUCN",2008,"IUCN (International Union for Conservation of Nature)",NA,NA,NA,"ANIMALIA","CHORDATA","MAMMALIA","DIPROTODONTIA","MACROPODIDAE","LC",64.9603069601,51.0669088217,TRUE
"1064",NA,"Queensland",NA,NA,NA,"PRESERVED_SPECIMEN",NA,"C 10731","Mammalia",359,"Koorongara district, Queensland, Australia","Mammalogy",NA,NA,NA,NA,"Australia",NA,"39905320-6c8a-11de-8226-b8a03c50a862",NA,NA,9,NA,NA,NA,NA,NA,NA,NA,NA,"1970-04-09T00:00:00.000+0000",NA,NA,NA,"Macropodidae",9372,NA,"Australia","479577526","Macropus","Macropus",2440171,"WGS84",NA,NA,NA,NA,NA,NA,NA,NA,NA,NA,NA,NA,NA,NA,NA,NA,NA,"NMV",NA,NA,"AU",479577526,"Animalia",1,NA,"2013-09-07T07:19:53.000+0000","2016-08-03T15:24:07.975+0000",NA,-28.1,NA,NA,"Koorongara district",NA,NA,151.25,NA,4,NA,NA,NA,NA,"Diprotodontia",1452,NA,NA,NA,"Chordata",44,NA,NA,"DWC_ARCHIVE","AU","4cff2aca-5ce5-4028-88e6-d79b6449173a",NA,NA,NA,NA,NA,"Macropus dorsalis (Gray, 1837)",NA,"Macropus dorsalis",5219980,"dorsalis",NA,NA,5219980,"SPECIES",NA,NA,NA,NA,NA,NA,NA,1970,2016-08-25,40562,"Macropus dorsalis",1,1,1,"IUCN",2008,"IUCN (International Union for Conservation of Nature)",NA,NA,NA,"ANIMALIA","CHORDATA","MAMMALIA","DIPROTODONTIA","MACROPODIDAE","LC",64.9603069601,51.0669088217,TRUE
"1082",NA,"Queensland",NA,NA,NA,"PRESERVED_SPECIMEN",NA,"C 17614","Mammalia",359,"32 km north of Miles, Queensland, Australia","Mammalogy",NA,NA,NA,NA,"Australia",NA,"39905320-6c8a-11de-8226-b8a03c50a862",NA,NA,8,NA,NA,NA,NA,NA,NA,NA,NA,"1968-09-08T00:00:00.000+0000",NA,NA,NA,"Macropodidae",9372,NA,"Australia","479634400","Macropus","Macropus",2440171,"WGS84",NA,NA,NA,NA,NA,NA,NA,NA,NA,NA,NA,NA,NA,NA,NA,NA,NA,"NMV",NA,NA,"AU",479634400,"Animalia",1,NA,"2013-09-07T07:19:57.000+0000","2016-08-03T15:24:07.307+0000",NA,-26.67,NA,NA,"32 km north of Miles",NA,NA,150.18,NA,9,NA,NA,NA,NA,"Diprotodontia",1452,NA,NA,NA,"Chordata",44,NA,NA,"DWC_ARCHIVE","AU","4cff2aca-5ce5-4028-88e6-d79b6449173a",NA,NA,NA,NA,NA,"Macropus dorsalis (Gray, 1837)",NA,"Macropus dorsalis",5219980,"dorsalis",NA,NA,5219980,"SPECIES",NA,NA,NA,NA,NA,NA,NA,1968,2016-08-25,40562,"Macropus dorsalis",1,1,1,"IUCN",2008,"IUCN (International Union for Conservation of Nature)",NA,NA,NA,"ANIMALIA","CHORDATA","MAMMALIA","DIPROTODONTIA","MACROPODIDAE","LC",64.9603069601,51.0669088217,TRUE
"1089",NA,"Queensland",NA,NA,NA,"PRESERVED_SPECIMEN",NA,"J14267","Mammalia",359,"-, Queensland, Australia","Mammals",NA,NA,NA,NA,"Australia",NA,"a79c2b50-6c8a-11de-8226-b8a03c50a862",NA,NA,14,NA,NA,NA,NA,NA,NA,NA,NA,"1966-06-14T00:00:00.000+0000",NA,NA,NA,"Macropodidae",9372,NA,"Australia","1066612468","Macropus","Macropus",2440171,"WGS84",NA,NA,NA,NA,NA,NA,NA,NA,NA,NA,NA,NA,NA,NA,NA,"45e85a5d-7084-43dc-b438-b0a453bfbed6",NA,"QM",NA,NA,"AU",1066612468,"Animalia",1,NA,"2015-10-19T05:51:12.667+0000","2016-08-04T10:56:22.071+0000","2015-04-30T09:48:28.683+0000",-19.73333,NA,NA,"-",NA,NA,147.46667,NA,6,NA,"45e85a5d-7084-43dc-b438-b0a453bfbed6",NA,NA,"Diprotodontia",1452,NA,NA,NA,"Chordata",44,NA,NA,"DWC_ARCHIVE","AU","f9d3db7d-6ee9-4fbf-bd4c-e5d0f0bd26c6",NA,NA,NA,NA,NA,"Macropus dorsalis (Gray, 1837)",NA,"Macropus dorsalis",5219980,"dorsalis",NA,NA,5219980,"SPECIES",NA,NA,NA,NA,NA,NA,"Black-striped wallaby",1966,2016-08-25,40562,"Macropus dorsalis",1,1,1,"IUCN",2008,"IUCN (International Union for Conservation of Nature)",NA,NA,NA,"ANIMALIA","CHORDATA","MAMMALIA","DIPROTODONTIA","MACROPODIDAE","LC",64.9603069601,51.0669088217,TRUE
"1091",NA,"New South Wales","not applicable",NA,NA,"PRESERVED_SPECIMEN",NA,"M00441","Mammalia",359,"VINEGAR HILL SCRUB, NEAR LEGUME, New South Wales, not applicable, Australia, OCEANIA","Mammals",NA,"OCEANIA",0.01667,2000,"Australia",NA,"0debafd0-6c8a-11de-8225-b8a03c50a862",NA,NA,17,NA,NA,NA,NA,NA,NA,NA,NA,"1962-02-17T00:00:00.000+0000",NA,NA,NA,"Macropodidae",9372,NA,"Australia","332036645","Macropus","Macropus",2440171,"WGS84",NA,NA,NA,NA,NA,NA,NA,NA,NA,NA,NA,NA,NA,NA,NA,"4ec95ba0-f6a6-4615-bec0-bf1f6dd6d66c",NA,"ANWC",NA,NA,"AU",332036645,"Animalia",1,NA,"2016-08-19T07:26:17.948+0000","2016-08-03T11:46:25.297+0000","2015-04-30T07:14:27.164+0000",-28.4667,NA,NA,"VINEGAR HILL SCRUB, NEAR LEGUME",NA,NA,152.25,NA,2,NA,"4ec95ba0-f6a6-4615-bec0-bf1f6dd6d66c",NA,NA,"Diprotodontia",1452,NA,NA,NA,"Chordata",44,NA,NA,"DWC_ARCHIVE","AU","602f0aa0-1f3e-11da-9ae9-b8a03c50a862",NA,NA,NA,NA,NA,"Macropus dorsalis (Gray, 1837)",NA,"Macropus dorsalis",5219980,"dorsalis",NA,NA,5219980,"SPECIES",NA,NA,NA,NA,NA,NA,"Black-striped Wallaby",1962,2016-08-25,40562,"Macropus dorsalis",1,1,1,"IUCN",2008,"IUCN (International Union for Conservation of Nature)",NA,NA,NA,"ANIMALIA","CHORDATA","MAMMALIA","DIPROTODONTIA","MACROPODIDAE","LC",64.9603069601,51.0669088217,TRUE
"1093",NA,"Queensland",NA,NA,NA,"PRESERVED_SPECIMEN",NA,"J21156","Mammalia",359,"-, Queensland, Australia","Mammals",NA,NA,NA,NA,"Australia",NA,"a79c2b50-6c8a-11de-8226-b8a03c50a862",NA,NA,28,NA,NA,NA,NA,NA,NA,NA,NA,"1961-06-28T00:00:00.000+0000",NA,NA,NA,"Macropodidae",9372,NA,"Australia","1066615107","Macropus","Macropus",2440171,"WGS84",NA,NA,NA,NA,NA,NA,NA,NA,NA,NA,NA,NA,NA,NA,NA,"b4029583-c21c-400c-b903-a7961be21c81",NA,"QM",NA,NA,"AU",1066615107,"Animalia",1,NA,"2015-10-19T05:51:13.709+0000","2016-08-04T10:57:00.942+0000","2015-04-30T09:48:30.654+0000",-28.16667,NA,NA,"-",NA,NA,151.76667,NA,6,NA,"b4029583-c21c-400c-b903-a7961be21c81",NA,NA,"Diprotodontia",1452,NA,NA,NA,"Chordata",44,NA,NA,"DWC_ARCHIVE","AU","f9d3db7d-6ee9-4fbf-bd4c-e5d0f0bd26c6",NA,NA,NA,NA,NA,"Macropus dorsalis (Gray, 1837)",NA,"Macropus dorsalis",5219980,"dorsalis",NA,NA,5219980,"SPECIES",NA,NA,NA,NA,NA,NA,"Black-striped wallaby",1961,2016-08-25,40562,"Macropus dorsalis",1,1,1,"IUCN",2008,"IUCN (International Union for Conservation of Nature)",NA,NA,NA,"ANIMALIA","CHORDATA","MAMMALIA","DIPROTODONTIA","MACROPODIDAE","LC",64.9603069601,51.0669088217,TRUE
"1098",NA,"New South Wales","not applicable",NA,NA,"PRESERVED_SPECIMEN",NA,"M00434","Mammalia",359,"WALLABY CREEK, TOOLOOM, 5 KM W OF URBENVILLE, New South Wales, not applicable, Australia, OCEANIA","Mammals",NA,"OCEANIA",0.01667,2000,"Australia",NA,"0debafd0-6c8a-11de-8225-b8a03c50a862",NA,NA,2,NA,NA,NA,NA,NA,NA,NA,NA,"1961-09-02T00:00:00.000+0000",NA,NA,NA,"Macropodidae",9372,NA,"Australia","332036644","Macropus","Macropus",2440171,"WGS84",NA,NA,NA,NA,NA,NA,NA,NA,NA,NA,NA,NA,NA,NA,NA,"bce329bd-aa85-48ad-bc43-4b549858de59",NA,"ANWC",NA,NA,"AU",332036644,"Animalia",1,NA,"2016-08-19T07:26:17.916+0000","2016-08-03T11:46:25.435+0000","2015-04-30T07:14:27.205+0000",-28.5,NA,NA,"WALLABY CREEK, TOOLOOM, 5 KM W OF URBENVILLE",NA,NA,152.4333,NA,9,NA,"bce329bd-aa85-48ad-bc43-4b549858de59",NA,NA,"Diprotodontia",1452,NA,NA,NA,"Chordata",44,NA,NA,"DWC_ARCHIVE","AU","602f0aa0-1f3e-11da-9ae9-b8a03c50a862",NA,NA,NA,NA,NA,"Macropus dorsalis (Gray, 1837)",NA,"Macropus dorsalis",5219980,"dorsalis",NA,NA,5219980,"SPECIES",NA,NA,NA,NA,NA,NA,"Black-striped Wallaby",1961,2016-08-25,40562,"Macropus dorsalis",1,1,1,"IUCN",2008,"IUCN (International Union for Conservation of Nature)",NA,NA,NA,"ANIMALIA","CHORDATA","MAMMALIA","DIPROTODONTIA","MACROPODIDAE","LC",64.9603069601,51.0669088217,TRUE
"1101",NA,"Queensland","not applicable",NA,NA,"PRESERVED_SPECIMEN",NA,"M00044","Mammalia",359,"PALEN CREEK, 40 KM SSW OF BEAUDESERT, Queensland, not applicable, Australia, OCEANIA","Mammals",NA,"OCEANIA",0.00139,2000,"Australia",NA,"0debafd0-6c8a-11de-8225-b8a03c50a862",NA,NA,24,NA,NA,NA,NA,NA,NA,NA,NA,"1960-04-24T00:00:00.000+0000",NA,NA,NA,"Macropodidae",9372,NA,"Australia","332036637","Macropus","Macropus",2440171,"WGS84",NA,NA,NA,NA,NA,NA,NA,NA,NA,NA,NA,NA,NA,NA,NA,"976c37f2-9615-48d5-8527-ee143d44b269",NA,"ANWC",NA,NA,"AU",332036637,"Animalia",1,NA,"2016-08-19T07:26:17.885+0000","2016-08-03T11:46:25.106+0000","2015-04-30T07:14:27.026+0000",-28.3333,NA,NA,"PALEN CREEK, 40 KM SSW OF BEAUDESERT",NA,"PRISON FARM",152.7722,NA,4,NA,"976c37f2-9615-48d5-8527-ee143d44b269",NA,NA,"Diprotodontia",1452,NA,NA,NA,"Chordata",44,NA,NA,"DWC_ARCHIVE","AU","602f0aa0-1f3e-11da-9ae9-b8a03c50a862",NA,NA,NA,NA,NA,"Macropus dorsalis (Gray, 1837)",NA,"Macropus dorsalis",5219980,"dorsalis",NA,NA,5219980,"SPECIES",NA,NA,NA,NA,NA,NA,"Black-striped Wallaby",1960,2016-08-25,40562,"Macropus dorsalis",1,1,1,"IUCN",2008,"IUCN (International Union for Conservation of Nature)",NA,NA,NA,"ANIMALIA","CHORDATA","MAMMALIA","DIPROTODONTIA","MACROPODIDAE","LC",64.9603069601,51.0669088217,TRUE
"1118",NA,"Qld",NA,NA,NA,"PRESERVED_SPECIMEN",NA,"U8340","Mammalia",359,"Buckleton Station, Springsure, Qld, Australia","Mammal",NA,NA,NA,NA,"Australia",NA,"793c3890-6c8a-11de-8226-b8a03c50a862",NA,NA,NA,NA,NA,NA,NA,NA,NA,NA,NA,"1936-08-01T00:00:00.000+0000",NA,NA,NA,"Macropodidae",9372,NA,"Australia","1085848361","Macropus","Macropus",2440171,"WGS84",NA,NA,NA,NA,NA,NA,NA,NA,NA,NA,NA,NA,NA,NA,"H.H. Finlayson","672685f5-100e-480f-a0d9-4a1d464ac19c",NA,"MAGNT",NA,NA,"AU",1085848361,"Animalia",1,NA,"2016-08-19T07:37:44.691+0000","2016-08-04T02:31:12.283+0000","2015-05-13T22:31:32.432+0000",-24.23333,NA,NA,"Buckleton Station, Springsure",NA,NA,148,NA,8,NA,"672685f5-100e-480f-a0d9-4a1d464ac19c",NA,NA,"Diprotodontia",1452,NA,NA,NA,"Chordata",44,NA,NA,"DWC_ARCHIVE","AU","8cdd9232-84eb-4bad-9d9b-a36910cd524b",NA,NA,NA,NA,NA,"Macropus dorsalis (Gray, 1837)",NA,"Macropus dorsalis",5219980,"dorsalis",NA,NA,5219980,"SPECIES",NA,NA,NA,NA,NA,NA,NA,1936,2016-08-25,40562,"Macropus dorsalis",1,1,1,"IUCN",2008,"IUCN (International Union for Conservation of Nature)",NA,NA,NA,"ANIMALIA","CHORDATA","MAMMALIA","DIPROTODONTIA","MACROPODIDAE","LC",64.9603069601,51.0669088217,TRUE
