"","accessRights","adm1","adm2","associatedSequences","basisOfRecord","behavior","catalogNumber","class","classKey","cloc","collectionCode","collectionID","continent","coordinatePrecision","coordinateUncertaintyInMeters","country","datasetID","datasetKey","datasetName","dateIdentified","day","depth","depthAccuracy","disposition","dynamicProperties","earliestEpochOrLowestSeries","earliestPeriodOrLowestSystem","elevation","elevationAccuracy","endDayOfYear","establishmentMeans","eventDate","eventID","eventRemarks","eventTime","family","familyKey","formation","fullCountry","gbifID","genericName","genus","genusKey","geodeticDatum","geologicalContextID","georeferencedBy","georeferencedDate","georeferenceProtocol","georeferenceRemarks","georeferenceSources","georeferenceVerificationStatus","higherClassification","higherGeography","highestBiostratigraphicZone","http...unknown.org.occurrenceDetails","http...unknown.org.organismID","identificationID","identificationQualifier","identificationRemarks","identificationVerificationStatus","identifiedBy","identifier","individualCount","informationWithheld","infraspecificEpithet","institutionCode","institutionID","island","islandGroup","ISO2","key","kingdom","kingdomKey","language","lastCrawled","lastInterpreted","lastParsed","lat","latestEpochOrHighestSeries","latestPeriodOrHighestSystem","license","lifeStage","locality","locationAccordingTo","locationID","locationRemarks","lon","lowestBiostratigraphicZone","modified","month","nomenclaturalCode","occurrenceID","occurrenceRemarks","occurrenceStatus","order","orderKey","organismID","otherCatalogNumbers","ownerInstitutionCode","phylum","phylumKey","preparations","previousIdentifications","protocol","publishingCountry","publishingOrgKey","recordedBy","recordNumber","references","reproductiveCondition","rights","rightsHolder","scientificName","sex","species","speciesKey","specificEpithet","startDayOfYear","taxonID","taxonKey","taxonRank","type","typeStatus","verbatimCoordinateSystem","verbatimElevation","verbatimEventDate","verbatimLocality","verbatimTaxonRank","vernacularName","year","downloadDate","id_no","binomial","presence","origin","seasonal","compiler","year.1","citation","source","dist_comm","island.1","kingdom.1","phylum.1","class.1","order_","family.1","rlcategory","shape_Leng","shape_Area","optional"
"541",NA,"Queensland","not applicable",NA,"MATERIAL_SAMPLE",NA,"G35032","Mammalia",359,"BUSHY CREEK BRIDGE, REX HIGHWAY, JULATTEN, Queensland, not applicable, Australia, OCEANIA","GeneticSamples",NA,"OCEANIA",0.01667,2000,"Australia",NA,"0debafd0-6c8a-11de-8225-b8a03c50a862",NA,NA,27,NA,NA,NA,NA,NA,NA,NA,NA,NA,NA,"2002-07-27T00:00:00.000+0000",NA,NA,NA,"Macropodidae",9372,NA,"Australia","1257466300","Macropus","Macropus",2440171,"WGS84",NA,NA,NA,NA,NA,NA,NA,NA,NA,NA,NA,NA,NA,NA,NA,NA,NA,"9b1e7201-0aa6-4028-bfbf-3de70da9cbaa",NA,NA,NA,"ANWC",NA,NA,NA,"AU",1257466300,"Animalia",1,NA,"2016-08-19T07:26:13.164+0000","2016-08-03T11:46:19.472+0000","2016-06-21T13:46:50.394+0000",-16.6167,NA,NA,NA,NA,"BUSHY CREEK BRIDGE, REX HIGHWAY, JULATTEN",NA,NA,NA,145.3333,NA,NA,7,NA,"9b1e7201-0aa6-4028-bfbf-3de70da9cbaa",NA,NA,"Diprotodontia",1452,NA,NA,NA,"Chordata",44,NA,NA,"DWC_ARCHIVE","AU","602f0aa0-1f3e-11da-9ae9-b8a03c50a862",NA,NA,NA,NA,NA,NA,"Macropus agilis (Gould, 1841)",NA,"Macropus agilis",5219975,"agilis",NA,NA,5219975,"SPECIES",NA,NA,NA,NA,NA,NA,NA,"Agile Wallaby",2002,2016-08-25,40560,"Macropus agilis",1,1,1,"IUCN",2008,"IUCN (International Union for Conservation of Nature)",NA,NA,NA,"ANIMALIA","CHORDATA","MAMMALIA","DIPROTODONTIA","MACROPODIDAE","LC",200.26747468,99.6503361533,TRUE
"678",NA,"Queensland",NA,NA,"PRESERVED_SPECIMEN",NA,"JM15005","Mammalia",359,"-, Queensland, Australia","Mammals",NA,NA,0.009,1000,"Australia",NA,"a79c2b50-6c8a-11de-8226-b8a03c50a862",NA,NA,26,NA,NA,NA,NA,NA,NA,NA,NA,NA,NA,"2001-07-26T00:00:00.000+0000",NA,NA,NA,"Macropodidae",9372,NA,"Australia","1066624086","Macropus","Macropus",2440171,"WGS84",NA,NA,NA,NA,NA,NA,NA,NA,NA,NA,NA,NA,NA,NA,NA,NA,NA,"3c2d6a57-79b9-4ae3-8adc-b5e87c31f1dd",NA,NA,NA,"QM",NA,NA,NA,"AU",1066624086,"Animalia",1,NA,"2015-10-19T05:51:15.177+0000","2016-08-04T10:56:26.118+0000","2015-04-30T09:48:37.371+0000",-21.1,NA,NA,NA,NA,"-",NA,NA,NA,149.2,NA,NA,7,NA,"3c2d6a57-79b9-4ae3-8adc-b5e87c31f1dd",NA,NA,"Diprotodontia",1452,NA,NA,NA,"Chordata",44,NA,NA,"DWC_ARCHIVE","AU","f9d3db7d-6ee9-4fbf-bd4c-e5d0f0bd26c6",NA,NA,NA,NA,NA,NA,"Macropus agilis (Gould, 1841)",NA,"Macropus agilis",5219975,"agilis",NA,NA,5219975,"SPECIES",NA,NA,NA,NA,NA,NA,NA,"Agile wallaby",2001,2016-08-25,40560,"Macropus agilis",1,1,1,"IUCN",2008,"IUCN (International Union for Conservation of Nature)",NA,NA,NA,"ANIMALIA","CHORDATA","MAMMALIA","DIPROTODONTIA","MACROPODIDAE","LC",200.26747468,99.6503361533,TRUE
"740",NA,"Northern Territory",NA,NA,"PRESERVED_SPECIMEN",NA,"M.35064","Mammalia",359,"Northern Territory, Australia","Mammalogy",NA,NA,0.001,NA,"Australia",NA,"dce8feb0-6c89-11de-8225-b8a03c50a862",NA,NA,21,NA,NA,NA,NA,NA,NA,NA,NA,NA,NA,"2000-05-21T00:00:00.000+0000","urn:australianmuseum.net.au:Events:4016991",NA,NA,"Macropodidae",9372,NA,"Australia","1101215159","Macropus","Macropus",2440171,"WGS84",NA,NA,NA,NA,NA,NA,NA,NA,NA,NA,NA,NA,NA,NA,NA,NA,NA,"de0358ad-9394-4d5c-a2aa-2a289d984b2c",NA,NA,NA,"AM",NA,NA,NA,"AU",1101215159,"Animalia",1,NA,"2016-08-19T08:07:03.551+0000","2016-08-04T14:22:10.437+0000","2015-07-17T07:03:37.530+0000",-12.466,NA,NA,NA,NA,NA,NA,NA,"ecatalogue.LocCollectionEventLocal: ""Australia, Northern Territory, Cox Peninsula (12° 28' S, 130° 40' E) 21/05/2000 - 21/05/2000, Road kill, Field Collected - Terrestrial"";",130.666,NA,NA,5,NA,"de0358ad-9394-4d5c-a2aa-2a289d984b2c",NA,NA,"Diprotodontia",1452,NA,NA,NA,"Chordata",44,NA,NA,"DWC_ARCHIVE","AU","770c30d2-c2a8-4bb2-8056-6167297cddae","Gilbert, Penny",NA,NA,NA,NA,NA,"Macropus agilis (Gould, 1841)",NA,"Macropus agilis",5219975,"agilis",NA,NA,5219975,"SPECIES",NA,NA,NA,NA,NA,NA,NA,"Agile Wallaby",2000,2016-08-25,40560,"Macropus agilis",1,1,1,"IUCN",2008,"IUCN (International Union for Conservation of Nature)",NA,NA,NA,"ANIMALIA","CHORDATA","MAMMALIA","DIPROTODONTIA","MACROPODIDAE","LC",200.26747468,99.6503361533,TRUE
"1075",NA,"Queensland","not applicable",NA,"MATERIAL_SAMPLE",NA,"G38134","Mammalia",359,"GUMLU, Queensland, not applicable, Australia, OCEANIA","GeneticSamples",NA,"OCEANIA",0.01667,2000,"Australia",NA,"0debafd0-6c8a-11de-8225-b8a03c50a862",NA,NA,15,NA,NA,NA,NA,NA,NA,NA,NA,NA,NA,"1997-06-15T00:00:00.000+0000",NA,NA,NA,"Macropodidae",9372,NA,"Australia","1257469755","Macropus","Macropus",2440171,"WGS84",NA,NA,NA,NA,NA,NA,NA,NA,NA,NA,NA,NA,NA,NA,NA,NA,NA,"52fc4299-f44d-4a76-b940-4ed6c0c1c943",NA,NA,NA,"ANWC",NA,NA,NA,"AU",1257469755,"Animalia",1,NA,"2016-08-19T07:26:14.238+0000","2016-08-03T11:46:21.058+0000","2016-06-21T13:47:00.895+0000",-19.8667,NA,NA,NA,NA,"GUMLU",NA,NA,NA,147.6833,NA,NA,6,NA,"52fc4299-f44d-4a76-b940-4ed6c0c1c943",NA,NA,"Diprotodontia",1452,NA,NA,NA,"Chordata",44,NA,NA,"DWC_ARCHIVE","AU","602f0aa0-1f3e-11da-9ae9-b8a03c50a862",NA,NA,NA,NA,NA,NA,"Macropus agilis (Gould, 1841)",NA,"Macropus agilis",5219975,"agilis",NA,NA,5219975,"SPECIES",NA,NA,NA,NA,NA,NA,NA,"Agile Wallaby",1997,2016-08-25,40560,"Macropus agilis",1,1,1,"IUCN",2008,"IUCN (International Union for Conservation of Nature)",NA,NA,NA,"ANIMALIA","CHORDATA","MAMMALIA","DIPROTODONTIA","MACROPODIDAE","LC",200.26747468,99.6503361533,TRUE
"1078",NA,"Queensland","not applicable",NA,"MATERIAL_SAMPLE",NA,"G38088","Mammalia",359,"MOUNT LOUISA, Queensland, not applicable, Australia, OCEANIA","GeneticSamples",NA,"OCEANIA",0.01667,2000,"Australia",NA,"0debafd0-6c8a-11de-8225-b8a03c50a862",NA,NA,18,NA,NA,NA,NA,NA,NA,NA,NA,NA,NA,"1997-06-18T00:00:00.000+0000",NA,NA,NA,"Macropodidae",9372,NA,"Australia","1257469701","Macropus","Macropus",2440171,"WGS84",NA,NA,NA,NA,NA,NA,NA,NA,NA,NA,NA,NA,NA,NA,NA,NA,NA,"14abb164-5b8c-410c-8b4f-8ad1d8cb6ff9",NA,NA,NA,"ANWC",NA,NA,NA,"AU",1257469701,"Animalia",1,NA,"2016-08-19T07:26:14.221+0000","2016-08-03T11:46:21.215+0000","2016-06-21T13:47:00.846+0000",-19.2833,NA,NA,NA,NA,"MOUNT LOUISA",NA,NA,NA,146.7333,NA,NA,6,NA,"14abb164-5b8c-410c-8b4f-8ad1d8cb6ff9",NA,NA,"Diprotodontia",1452,NA,NA,NA,"Chordata",44,NA,NA,"DWC_ARCHIVE","AU","602f0aa0-1f3e-11da-9ae9-b8a03c50a862",NA,NA,NA,NA,NA,NA,"Macropus agilis (Gould, 1841)",NA,"Macropus agilis",5219975,"agilis",NA,NA,5219975,"SPECIES",NA,NA,NA,NA,NA,NA,NA,"Agile Wallaby",1997,2016-08-25,40560,"Macropus agilis",1,1,1,"IUCN",2008,"IUCN (International Union for Conservation of Nature)",NA,NA,NA,"ANIMALIA","CHORDATA","MAMMALIA","DIPROTODONTIA","MACROPODIDAE","LC",200.26747468,99.6503361533,TRUE
"1165",NA,"Queensland",NA,NA,"PRESERVED_SPECIMEN",NA,"JM12326","Mammalia",359,"-, Queensland, Australia","Mammals",NA,NA,0.0045,500,"Australia",NA,"a79c2b50-6c8a-11de-8226-b8a03c50a862",NA,NA,13,NA,NA,NA,NA,NA,NA,NA,NA,NA,NA,"1996-09-13T00:00:00.000+0000",NA,NA,NA,"Macropodidae",9372,NA,"Australia","1066621210","Macropus","Macropus",2440171,"WGS84",NA,NA,NA,NA,NA,NA,NA,NA,NA,NA,NA,NA,NA,NA,NA,NA,NA,"843e2efd-aef4-4475-b2c2-b78a11ee2784",NA,NA,NA,"QM",NA,NA,NA,"AU",1066621210,"Animalia",1,NA,"2015-10-19T05:51:14.714+0000","2016-08-04T10:55:56.325+0000","2015-04-30T09:48:35.127+0000",-12.56472,NA,NA,NA,NA,"-",NA,NA,NA,141.83306,NA,NA,9,NA,"843e2efd-aef4-4475-b2c2-b78a11ee2784",NA,NA,"Diprotodontia",1452,NA,NA,NA,"Chordata",44,NA,NA,"DWC_ARCHIVE","AU","f9d3db7d-6ee9-4fbf-bd4c-e5d0f0bd26c6",NA,NA,NA,NA,NA,NA,"Macropus agilis (Gould, 1841)",NA,"Macropus agilis",5219975,"agilis",NA,NA,5219975,"SPECIES",NA,NA,NA,NA,NA,NA,NA,"Agile wallaby",1996,2016-08-25,40560,"Macropus agilis",1,1,1,"IUCN",2008,"IUCN (International Union for Conservation of Nature)",NA,NA,NA,"ANIMALIA","CHORDATA","MAMMALIA","DIPROTODONTIA","MACROPODIDAE","LC",200.26747468,99.6503361533,TRUE
"1183",NA,"Nt",NA,NA,"PRESERVED_SPECIMEN",NA,"M23314","Mammalia",359,"Tanumbirini, Nt, Australia","Mammalogy",NA,NA,0.001,NA,"Australia",NA,"fa375330-6c8a-11de-8226-b8a03c50a862",NA,NA,NA,NA,NA,NA,NA,NA,NA,NA,NA,NA,NA,"1996-01-01T00:00:00.000+0000",NA,NA,NA,"Macropodidae",9372,NA,"Australia","500878585","Macropus","Macropus",2440171,"WGS84",NA,NA,NA,NA,NA,NA,NA,NA,NA,NA,NA,NA,NA,NA,NA,NA,"Stemmer",NA,NA,NA,NA,"SAMA",NA,NA,NA,"AU",500878585,"Animalia",1,NA,"2013-09-07T07:22:26.000+0000","2016-08-04T15:41:08.749+0000",NA,-16.55,NA,NA,NA,NA,"Tanumbirini",NA,NA,NA,134.716,NA,NA,NA,NA,NA,NA,NA,"Diprotodontia",1452,NA,NA,NA,"Chordata",44,NA,NA,"DWC_ARCHIVE","AU","4d0539cd-a2e0-4a2c-8b7d-ec6718eef764","Staples C. & D.",NA,NA,NA,NA,NA,"Macropus agilis (Gould, 1841)",NA,"Macropus agilis",5219975,"agilis",NA,NA,5219975,"SPECIES",NA,NA,NA,NA,NA,NA,NA,NA,1996,2016-08-25,40560,"Macropus agilis",1,1,1,"IUCN",2008,"IUCN (International Union for Conservation of Nature)",NA,NA,NA,"ANIMALIA","CHORDATA","MAMMALIA","DIPROTODONTIA","MACROPODIDAE","LC",200.26747468,99.6503361533,TRUE
"1297",NA,"Queensland","not applicable",NA,"MATERIAL_SAMPLE",NA,"G34650","Mammalia",359,"SHOALWATER BAY ARMY TRAINING RESERVE, N OF ROCKHAMPTON, Queensland, not applicable, Australia, OCEANIA","GeneticSamples",NA,"OCEANIA",0.00139,2000,"Australia",NA,"0debafd0-6c8a-11de-8225-b8a03c50a862",NA,NA,16,NA,NA,NA,NA,NA,NA,NA,NA,NA,NA,"1992-02-16T00:00:00.000+0000",NA,NA,NA,"Macropodidae",9372,NA,"Australia","1257465919","Macropus","Macropus",2440171,"WGS84",NA,NA,NA,NA,NA,NA,NA,NA,NA,NA,NA,NA,NA,NA,NA,NA,NA,"ff0e0400-6bf6-4d67-9aab-76db598bbddd",NA,NA,NA,"ANWC",NA,NA,NA,"AU",1257465919,"Animalia",1,NA,"2016-08-19T07:26:13.193+0000","2016-08-03T11:46:22.477+0000","2016-06-21T13:46:49.558+0000",-22.8236,NA,NA,NA,NA,"SHOALWATER BAY ARMY TRAINING RESERVE, N OF ROCKHAMPTON",NA,NA,"THE GLEN",150.3389,NA,NA,2,NA,"ff0e0400-6bf6-4d67-9aab-76db598bbddd",NA,NA,"Diprotodontia",1452,NA,NA,NA,"Chordata",44,NA,NA,"DWC_ARCHIVE","AU","602f0aa0-1f3e-11da-9ae9-b8a03c50a862",NA,NA,NA,NA,NA,NA,"Macropus agilis (Gould, 1841)",NA,"Macropus agilis",5219975,"agilis",NA,NA,5219975,"SPECIES",NA,NA,NA,NA,NA,NA,NA,"Agile Wallaby",1992,2016-08-25,40560,"Macropus agilis",1,1,1,"IUCN",2008,"IUCN (International Union for Conservation of Nature)",NA,NA,NA,"ANIMALIA","CHORDATA","MAMMALIA","DIPROTODONTIA","MACROPODIDAE","LC",200.26747468,99.6503361533,TRUE
"1308",NA,NA,NA,NA,"PRESERVED_SPECIMEN",NA,"M.28163","Mammalia",359,"Papua New Guinea","Mammalogy",NA,NA,0.001,NA,"Papua New Guinea",NA,"dce8feb0-6c89-11de-8225-b8a03c50a862",NA,NA,22,NA,NA,NA,NA,NA,NA,NA,NA,NA,NA,"1992-08-22T00:00:00.000+0000","urn:australianmuseum.net.au:Events:4014816",NA,NA,"Macropodidae",9372,NA,"Papua New Guinea","1101207456","Macropus","Macropus",2440171,"WGS84",NA,NA,NA,NA,NA,NA,NA,NA,NA,NA,NA,NA,NA,NA,NA,NA,NA,"d99c789f-ec6a-4cea-a23e-573c98e962c1",NA,NA,NA,"AM",NA,NA,NA,"PG",1101207456,"Animalia",1,NA,"2016-08-19T08:07:02.270+0000","2016-08-04T14:24:39.144+0000","2015-07-17T07:02:54.773+0000",-9.416,NA,NA,NA,NA,NA,NA,NA,"ecatalogue.LocCollectionEventLocal: ""Papua New Guinea, Milne Bay Prov.Fergusson Is.Kalo-Kalo (9<U+FFFD> 25' S, 150<U+FFFD> 26' E) 22/08/1992 - 22/08/1992, Field Collected - Terrestrial"";",150.433,NA,NA,8,NA,"d99c789f-ec6a-4cea-a23e-573c98e962c1",NA,NA,"Diprotodontia",1452,NA,NA,NA,"Chordata",44,NA,NA,"DWC_ARCHIVE","AU","770c30d2-c2a8-4bb2-8056-6167297cddae","German, Pavel",NA,NA,NA,NA,NA,"Macropus agilis (Gould, 1841)",NA,"Macropus agilis",5219975,"agilis",NA,NA,5219975,"SPECIES",NA,NA,NA,NA,NA,NA,NA,"Agile Wallaby",1992,2016-08-25,40560,"Macropus agilis",1,1,1,"IUCN",2008,"IUCN (International Union for Conservation of Nature)",NA,NA,"Fergusson","ANIMALIA","CHORDATA","MAMMALIA","DIPROTODONTIA","MACROPODIDAE","LC",1.9697745019,0.109406641564,TRUE
"1313",NA,NA,NA,NA,"PRESERVED_SPECIMEN",NA,"M.28165","Mammalia",359,"Papua New Guinea","Mammalogy",NA,NA,0.001,NA,"Papua New Guinea",NA,"dce8feb0-6c89-11de-8225-b8a03c50a862",NA,NA,9,NA,NA,NA,NA,NA,NA,NA,NA,NA,NA,"1992-09-09T00:00:00.000+0000","urn:australianmuseum.net.au:Events:4014931",NA,NA,"Macropodidae",9372,NA,"Papua New Guinea","1101207473","Macropus","Macropus",2440171,"WGS84",NA,NA,NA,NA,NA,NA,NA,NA,NA,NA,NA,NA,NA,NA,NA,NA,NA,"69dc9a79-f0db-405a-9764-f13689f72595",NA,NA,NA,"AM",NA,NA,NA,"PG",1101207473,"Animalia",1,NA,"2016-08-19T08:07:02.271+0000","2016-08-04T14:24:39.977+0000","2015-07-17T07:02:54.834+0000",-9.516,NA,NA,NA,NA,NA,NA,NA,"ecatalogue.LocCollectionEventLocal: ""Papua New Guinea, Miline Bay Prov.Lamalele N I (Hot springs) (9° 31' S, 150° 32' E) 09/09/1992 - 09/09/1992, Field Collected - Terrestrial"";",150.533,NA,NA,9,NA,"69dc9a79-f0db-405a-9764-f13689f72595",NA,NA,"Diprotodontia",1452,NA,NA,NA,"Chordata",44,NA,NA,"DWC_ARCHIVE","AU","770c30d2-c2a8-4bb2-8056-6167297cddae","German, Pavel",NA,NA,NA,NA,NA,"Macropus agilis (Gould, 1841)",NA,"Macropus agilis",5219975,"agilis",NA,NA,5219975,"SPECIES",NA,NA,NA,NA,NA,NA,NA,"Agile Wallaby",1992,2016-08-25,40560,"Macropus agilis",1,1,1,"IUCN",2008,"IUCN (International Union for Conservation of Nature)",NA,NA,"Fergusson","ANIMALIA","CHORDATA","MAMMALIA","DIPROTODONTIA","MACROPODIDAE","LC",1.9697745019,0.109406641564,TRUE
"1318",NA,"Queensland",NA,NA,"PRESERVED_SPECIMEN",NA,"JM8587","Mammalia",359,"-, Queensland, Australia","Mammals",NA,NA,NA,NA,"Australia",NA,"a79c2b50-6c8a-11de-8226-b8a03c50a862",NA,NA,10,NA,NA,NA,NA,NA,NA,NA,NA,NA,NA,"1991-02-10T00:00:00.000+0000",NA,NA,NA,"Macropodidae",9372,NA,"Australia","1066631238","Macropus","Macropus",2440171,"WGS84",NA,NA,NA,NA,NA,NA,NA,NA,NA,NA,NA,NA,NA,NA,NA,NA,NA,"dc3fce24-0690-4b0a-8238-ec4f303287a3",NA,NA,NA,"QM",NA,NA,NA,"AU",1066631238,"Animalia",1,NA,"2015-10-19T05:51:16.951+0000","2016-08-04T10:56:25.080+0000","2015-04-30T09:48:43.055+0000",-20.65,NA,NA,NA,NA,"-",NA,NA,NA,148.71667,NA,NA,2,NA,"dc3fce24-0690-4b0a-8238-ec4f303287a3",NA,NA,"Diprotodontia",1452,NA,NA,NA,"Chordata",44,NA,NA,"DWC_ARCHIVE","AU","f9d3db7d-6ee9-4fbf-bd4c-e5d0f0bd26c6",NA,NA,NA,NA,NA,NA,"Macropus agilis (Gould, 1841)",NA,"Macropus agilis",5219975,"agilis",NA,NA,5219975,"SPECIES",NA,NA,NA,NA,NA,NA,NA,"Agile wallaby",1991,2016-08-25,40560,"Macropus agilis",1,1,1,"IUCN",2008,"IUCN (International Union for Conservation of Nature)",NA,NA,NA,"ANIMALIA","CHORDATA","MAMMALIA","DIPROTODONTIA","MACROPODIDAE","LC",200.26747468,99.6503361533,TRUE
"1409",NA,"Queensland",NA,NA,"PRESERVED_SPECIMEN",NA,"JM7660","Mammalia",359,"-, Queensland, Australia","Mammals",NA,NA,NA,NA,"Australia",NA,"a79c2b50-6c8a-11de-8226-b8a03c50a862",NA,NA,17,NA,NA,NA,NA,NA,NA,NA,NA,NA,NA,"1990-02-17T00:00:00.000+0000",NA,NA,NA,"Macropodidae",9372,NA,"Australia","1066630180","Macropus","Macropus",2440171,"WGS84",NA,NA,NA,NA,NA,NA,NA,NA,NA,NA,NA,NA,NA,NA,NA,NA,NA,"ba863ce6-502f-4215-973c-fc9c3c3bb153",NA,NA,"jardinii","QM",NA,NA,NA,"AU",1066630180,"Animalia",1,NA,"2015-10-19T05:51:16.800+0000","2016-08-04T10:56:59.094+0000","2015-04-30T09:48:42.265+0000",-27.83333,NA,NA,NA,NA,"-",NA,NA,NA,153.41667,NA,NA,2,NA,"ba863ce6-502f-4215-973c-fc9c3c3bb153",NA,NA,"Diprotodontia",1452,NA,NA,NA,"Chordata",44,NA,NA,"DWC_ARCHIVE","AU","f9d3db7d-6ee9-4fbf-bd4c-e5d0f0bd26c6",NA,NA,NA,NA,NA,NA,"Macropus agilis subsp. jardinii De Vis, 1884",NA,"Macropus agilis",5219975,"agilis",NA,NA,5219979,"SUBSPECIES",NA,NA,NA,NA,NA,NA,NA,NA,1990,2016-08-25,40560,"Macropus agilis",1,1,1,"IUCN",2008,"IUCN (International Union for Conservation of Nature)",NA,NA,"South Stradbroke","ANIMALIA","CHORDATA","MAMMALIA","DIPROTODONTIA","MACROPODIDAE","LC",0.425163645751,0.00192512239957,TRUE
"1475","http://biodiversity.ku.edu/research/university-kansas-biodiversity-institute-data-publication-and-use-norms","Northern territory",NA,NA,"PRESERVED_SPECIMEN",NA,"159225","Mammalia",359,"BING BONG STATION, Northern territory, Australia, OCEANIA","KUM",NA,"OCEANIA",NA,NA,"Australia",NA,"1d04e739-98a9-4e16-9970-8f8f3bf9e9e3","University of Kansas Biodiversity Institute Mammalogy Collection",NA,14,NA,NA,NA,NA,NA,NA,NA,NA,NA,NA,"1990-10-14T00:00:00.000+0000",NA,NA,NA,"Macropodidae",9372,NA,"Australia","686486341","Macropus","Macropus",2440171,"WGS84",NA,"N Slade","2009-02-23",NA,NA,"Google Earth",NA,NA,NA,NA,NA,NA,NA,NA,NA,NA,NA,"96ee1246-1ed8-11e3-bfac-90b11c41863e",NA,NA,NA,"KU","http://grbio.org/cool/iakn-125z",NA,NA,"AU",686486341,"Animalia",1,"en","2016-03-28T15:43:48.814+0000","2016-08-03T12:32:55.476+0000","2015-06-05T22:02:33.838+0000",-15.8169048714331,NA,NA,NA,NA,"BING BONG STATION",NA,NA,NA,136.309055820401,NA,NA,10,NA,"96ee1246-1ed8-11e3-bfac-90b11c41863e","SOUTHWESTERN COLLEGE 1769",NA,"Diprotodontia",1452,NA,NA,NA,"Chordata",44,"SK",NA,"DWC_ARCHIVE","US","b554c320-0560-11d8-b851-b8a03c50a862","THOMPSON M C",NA,NA,NA,"http://creativecommons.org/licenses/by/4.0/deed.en_US",NA,"Macropus agilis (Gould, 1841)",NA,"Macropus agilis",5219975,"agilis",NA,NA,5219975,"SPECIES","PhysicalObject",NA,"decimal degrees",NA,NA,NA,NA,NA,1990,2016-08-25,40560,"Macropus agilis",1,1,1,"IUCN",2008,"IUCN (International Union for Conservation of Nature)",NA,NA,NA,"ANIMALIA","CHORDATA","MAMMALIA","DIPROTODONTIA","MACROPODIDAE","LC",200.26747468,99.6503361533,TRUE
"1483",NA,"Nt",NA,NA,"PRESERVED_SPECIMEN",NA,"U5163","Mammalia",359,"Bing Bong Station, Gulf of Carpentaria, Nt, Australia","Mammal",NA,NA,NA,NA,"Australia",NA,"793c3890-6c8a-11de-8226-b8a03c50a862",NA,"1990-01-01T00:00:00.000+0000",NA,NA,NA,NA,NA,NA,NA,NA,NA,NA,NA,"1990-01-01T00:00:00.000+0000",NA,NA,NA,"Macropodidae",9372,NA,"Australia","1085846012","Macropus","Macropus",2440171,"WGS84",NA,NA,NA,NA,NA,NA,NA,NA,NA,NA,NA,NA,NA,NA,NA,NA,"P.G. Horner","9d9fc327-f6cb-46d6-b05b-87a9c7ce9aa4",NA,NA,NA,"MAGNT",NA,NA,NA,"AU",1085846012,"Animalia",1,NA,"2016-08-19T07:37:40.993+0000","2016-08-04T02:31:05.519+0000","2015-05-13T22:31:19.984+0000",-15.61667,NA,NA,NA,NA,"Bing Bong Station, Gulf of Carpentaria",NA,NA,NA,135.35,NA,NA,NA,NA,"9d9fc327-f6cb-46d6-b05b-87a9c7ce9aa4",NA,NA,"Diprotodontia",1452,NA,NA,NA,"Chordata",44,NA,NA,"DWC_ARCHIVE","AU","8cdd9232-84eb-4bad-9d9b-a36910cd524b",NA,NA,NA,NA,NA,NA,"Macropus agilis (Gould, 1841)",NA,"Macropus agilis",5219975,"agilis",NA,NA,5219975,"SPECIES",NA,NA,NA,NA,NA,NA,NA,NA,1990,2016-08-25,40560,"Macropus agilis",1,1,1,"IUCN",2008,"IUCN (International Union for Conservation of Nature)",NA,NA,NA,"ANIMALIA","CHORDATA","MAMMALIA","DIPROTODONTIA","MACROPODIDAE","LC",200.26747468,99.6503361533,TRUE
"1499",NA,"Queensland",NA,NA,"PRESERVED_SPECIMEN",NA,"JM7631","Mammalia",359,"-, Queensland, Australia","Mammals",NA,NA,NA,NA,"Australia",NA,"a79c2b50-6c8a-11de-8226-b8a03c50a862",NA,NA,25,NA,NA,NA,NA,NA,NA,NA,NA,NA,NA,"1989-08-25T00:00:00.000+0000",NA,NA,NA,"Macropodidae",9372,NA,"Australia","1066630149","Macropus","Macropus",2440171,"WGS84",NA,NA,NA,NA,NA,NA,NA,NA,NA,NA,NA,NA,NA,NA,NA,NA,NA,"326751f4-86b7-44b5-9874-7afb6d0ba523",NA,NA,NA,"QM",NA,NA,NA,"AU",1066630149,"Animalia",1,NA,"2015-10-19T05:51:16.798+0000","2016-08-04T10:56:14.562+0000","2015-04-30T09:48:42.248+0000",-17.56667,NA,NA,NA,NA,"-",NA,NA,NA,145.58333,NA,NA,8,NA,"326751f4-86b7-44b5-9874-7afb6d0ba523",NA,NA,"Diprotodontia",1452,NA,NA,NA,"Chordata",44,NA,NA,"DWC_ARCHIVE","AU","f9d3db7d-6ee9-4fbf-bd4c-e5d0f0bd26c6",NA,NA,NA,NA,NA,NA,"Macropus agilis (Gould, 1841)",NA,"Macropus agilis",5219975,"agilis",NA,NA,5219975,"SPECIES",NA,NA,NA,NA,NA,NA,NA,"Agile wallaby",1989,2016-08-25,40560,"Macropus agilis",1,1,1,"IUCN",2008,"IUCN (International Union for Conservation of Nature)",NA,NA,NA,"ANIMALIA","CHORDATA","MAMMALIA","DIPROTODONTIA","MACROPODIDAE","LC",200.26747468,99.6503361533,TRUE
"1625",NA,"Nt",NA,NA,"PRESERVED_SPECIMEN",NA,"U0049","Mammalia",359,"Coastal Plains Research Station, Nt, Australia","Mammal",NA,NA,NA,NA,"Australia",NA,"793c3890-6c8a-11de-8226-b8a03c50a862",NA,NA,10,NA,NA,NA,NA,NA,NA,NA,NA,NA,NA,"1982-01-10T00:00:00.000+0000",NA,NA,NA,"Macropodidae",9372,NA,"Australia","1085841415","Macropus","Macropus",2440171,"WGS84",NA,NA,NA,NA,NA,NA,NA,NA,NA,NA,NA,NA,NA,NA,NA,NA,"I. Archibald","70c265ef-2958-4c50-a4b3-315ed2d1d506",NA,NA,NA,"MAGNT",NA,NA,NA,"AU",1085841415,"Animalia",1,NA,"2016-08-19T07:37:36.262+0000","2016-08-04T02:30:59.621+0000","2015-05-13T22:31:01.499+0000",-12.56667,NA,NA,NA,NA,"Coastal Plains Research Station",NA,NA,NA,131.31667,NA,NA,1,NA,"70c265ef-2958-4c50-a4b3-315ed2d1d506",NA,NA,"Diprotodontia",1452,NA,NA,NA,"Chordata",44,NA,NA,"DWC_ARCHIVE","AU","8cdd9232-84eb-4bad-9d9b-a36910cd524b",NA,NA,NA,NA,NA,NA,"Macropus agilis (Gould, 1841)",NA,"Macropus agilis",5219975,"agilis",NA,NA,5219975,"SPECIES",NA,NA,NA,NA,NA,NA,NA,NA,1982,2016-08-25,40560,"Macropus agilis",1,1,1,"IUCN",2008,"IUCN (International Union for Conservation of Nature)",NA,NA,NA,"ANIMALIA","CHORDATA","MAMMALIA","DIPROTODONTIA","MACROPODIDAE","LC",200.26747468,99.6503361533,TRUE
"1641",NA,"Nt",NA,NA,"PRESERVED_SPECIMEN",NA,"U2505","Mammalia",359,"Newcastle Waters Station-North Boundary, Nt, Australia","Mammal",NA,NA,NA,NA,"Australia",NA,"793c3890-6c8a-11de-8226-b8a03c50a862",NA,NA,21,NA,NA,NA,NA,NA,NA,NA,NA,NA,NA,"1982-07-21T00:00:00.000+0000",NA,NA,NA,"Macropodidae",9372,NA,"Australia","1085843694","Macropus","Macropus",2440171,"WGS84",NA,NA,NA,NA,NA,NA,NA,NA,NA,NA,NA,NA,NA,NA,NA,NA,NA,"9d49f27b-5321-402a-9be6-2b3fddd32d76",NA,NA,NA,"MAGNT",NA,NA,NA,"AU",1085843694,"Animalia",1,NA,"2016-08-19T07:37:39.488+0000","2016-08-04T02:31:07.398+0000","2015-05-13T22:31:13.403+0000",-17.13333,NA,NA,NA,NA,"Newcastle Waters Station-North Boundary",NA,NA,NA,133.51667,NA,NA,7,NA,"9d49f27b-5321-402a-9be6-2b3fddd32d76",NA,NA,"Diprotodontia",1452,NA,NA,NA,"Chordata",44,NA,NA,"DWC_ARCHIVE","AU","8cdd9232-84eb-4bad-9d9b-a36910cd524b",NA,NA,NA,NA,NA,NA,"Macropus agilis (Gould, 1841)",NA,"Macropus agilis",5219975,"agilis",NA,NA,5219975,"SPECIES",NA,NA,NA,NA,NA,NA,NA,NA,1982,2016-08-25,40560,"Macropus agilis",1,1,1,"IUCN",2008,"IUCN (International Union for Conservation of Nature)",NA,NA,NA,"ANIMALIA","CHORDATA","MAMMALIA","DIPROTODONTIA","MACROPODIDAE","LC",200.26747468,99.6503361533,TRUE
"1651",NA,"Queensland",NA,NA,"PRESERVED_SPECIMEN",NA,"JM4366","Mammalia",359,"-, Queensland, Australia","Mammals",NA,NA,NA,NA,"Australia",NA,"a79c2b50-6c8a-11de-8226-b8a03c50a862",NA,NA,1,NA,NA,NA,NA,NA,NA,NA,NA,NA,NA,"1982-09-01T00:00:00.000+0000",NA,NA,NA,"Macropodidae",9372,NA,"Australia","1066626807","Macropus","Macropus",2440171,"WGS84",NA,NA,NA,NA,NA,NA,NA,NA,NA,NA,NA,NA,NA,NA,NA,NA,NA,"4929c25a-405e-442c-8b86-19aedabadc04",NA,NA,NA,"QM",NA,NA,NA,"AU",1066626807,"Animalia",1,NA,"2015-10-19T05:51:15.589+0000","2016-08-04T10:56:09.233+0000","2015-04-30T09:48:39.584+0000",-16.91667,NA,NA,NA,NA,"-",NA,NA,NA,145.5,NA,NA,9,NA,"4929c25a-405e-442c-8b86-19aedabadc04",NA,NA,"Diprotodontia",1452,NA,NA,NA,"Chordata",44,NA,NA,"DWC_ARCHIVE","AU","f9d3db7d-6ee9-4fbf-bd4c-e5d0f0bd26c6",NA,NA,NA,NA,NA,NA,"Macropus agilis (Gould, 1841)",NA,"Macropus agilis",5219975,"agilis",NA,NA,5219975,"SPECIES",NA,NA,NA,NA,NA,NA,NA,"Agile wallaby",1982,2016-08-25,40560,"Macropus agilis",1,1,1,"IUCN",2008,"IUCN (International Union for Conservation of Nature)",NA,NA,NA,"ANIMALIA","CHORDATA","MAMMALIA","DIPROTODONTIA","MACROPODIDAE","LC",200.26747468,99.6503361533,TRUE
"1719",NA,"Queensland",NA,NA,"PRESERVED_SPECIMEN",NA,"JM13323","Mammalia",359,"-, Queensland, Australia","Mammals",NA,NA,0.0045,500,"Australia",NA,"a79c2b50-6c8a-11de-8226-b8a03c50a862",NA,NA,18,NA,NA,NA,NA,NA,NA,30,10,NA,NA,"1980-09-18T00:00:00.000+0000",NA,NA,NA,"Macropodidae",9372,NA,"Australia","1066622260","Macropus","Macropus",2440171,"WGS84",NA,NA,NA,NA,NA,NA,NA,NA,NA,NA,NA,NA,NA,NA,NA,NA,NA,"cd67ae73-adca-4be9-a68a-5ee51bcab9e0",NA,NA,NA,"QM",NA,NA,NA,"AU",1066622260,"Animalia",1,NA,"2015-10-19T05:51:14.869+0000","2016-08-04T10:55:55.453+0000","2015-04-30T09:48:35.868+0000",-12.43111,NA,NA,NA,NA,"-",NA,NA,NA,142.16389,NA,NA,9,NA,"cd67ae73-adca-4be9-a68a-5ee51bcab9e0",NA,NA,"Diprotodontia",1452,NA,NA,NA,"Chordata",44,NA,NA,"DWC_ARCHIVE","AU","f9d3db7d-6ee9-4fbf-bd4c-e5d0f0bd26c6",NA,NA,NA,NA,NA,NA,"Macropus agilis (Gould, 1841)",NA,"Macropus agilis",5219975,"agilis",NA,NA,5219975,"SPECIES",NA,NA,NA,NA,NA,NA,NA,"Agile wallaby",1980,2016-08-25,40560,"Macropus agilis",1,1,1,"IUCN",2008,"IUCN (International Union for Conservation of Nature)",NA,NA,NA,"ANIMALIA","CHORDATA","MAMMALIA","DIPROTODONTIA","MACROPODIDAE","LC",200.26747468,99.6503361533,TRUE
"1724",NA,"Nt",NA,NA,"PRESERVED_SPECIMEN",NA,"U0022","Mammalia",359,"Cape Fourcroy, Bathurst Island, Nt, Australia","Mammal",NA,NA,NA,NA,"Australia",NA,"793c3890-6c8a-11de-8226-b8a03c50a862",NA,"1980-01-01T00:00:00.000+0000",1,NA,NA,NA,NA,NA,NA,NA,NA,NA,NA,"1979-11-01T00:00:00.000+0000",NA,NA,NA,"Macropodidae",9372,NA,"Australia","1085841387","Macropus","Macropus",2440171,"WGS84",NA,NA,NA,NA,NA,NA,NA,NA,NA,NA,NA,NA,NA,NA,NA,NA,"P.G. Horner","191630a1-b803-4035-a801-7cb930e7f00c",NA,NA,NA,"MAGNT",NA,NA,NA,"AU",1085841387,"Animalia",1,NA,"2016-08-19T07:37:36.252+0000","2016-08-04T02:30:50.251+0000","2015-05-13T22:31:01.465+0000",-11.78333,NA,NA,NA,NA,"Cape Fourcroy, Bathurst Island",NA,NA,NA,130.01667,NA,NA,11,NA,"191630a1-b803-4035-a801-7cb930e7f00c",NA,NA,"Diprotodontia",1452,NA,NA,NA,"Chordata",44,NA,NA,"DWC_ARCHIVE","AU","8cdd9232-84eb-4bad-9d9b-a36910cd524b",NA,NA,NA,NA,NA,NA,"Macropus agilis (Gould, 1841)",NA,"Macropus agilis",5219975,"agilis",NA,NA,5219975,"SPECIES",NA,NA,NA,NA,NA,NA,NA,NA,1979,2016-08-25,40560,"Macropus agilis",1,1,1,"IUCN",2008,"IUCN (International Union for Conservation of Nature)",NA,NA,"Bathurst Island","ANIMALIA","CHORDATA","MAMMALIA","DIPROTODONTIA","MACROPODIDAE","LC",3.43648984526,0.142534116809,TRUE
"1728",NA,"Northern Territory",NA,NA,"PRESERVED_SPECIMEN",NA,"JM13005","Mammalia",359,"-, Northern Territory, Australia","Mammals",NA,NA,0.0045,500,"Australia",NA,"a79c2b50-6c8a-11de-8226-b8a03c50a862",NA,NA,10,NA,NA,NA,NA,NA,NA,NA,NA,NA,NA,"1977-09-10T00:00:00.000+0000",NA,NA,NA,"Macropodidae",9372,NA,"Australia","1066621953","Macropus","Macropus",2440171,"WGS84",NA,NA,NA,NA,NA,NA,NA,NA,NA,NA,NA,NA,NA,NA,NA,NA,NA,"f60cd1df-647a-42c5-b8f8-c27b49d79fe5",NA,NA,NA,"QM",NA,NA,NA,"AU",1066621953,"Animalia",1,NA,"2015-10-19T05:51:14.827+0000","2016-08-04T10:55:57.462+0000","2015-04-30T09:48:35.671+0000",-13.46667,NA,NA,NA,NA,"-",NA,NA,NA,132.46667,NA,NA,9,NA,"f60cd1df-647a-42c5-b8f8-c27b49d79fe5",NA,NA,"Diprotodontia",1452,NA,NA,NA,"Chordata",44,NA,NA,"DWC_ARCHIVE","AU","f9d3db7d-6ee9-4fbf-bd4c-e5d0f0bd26c6",NA,NA,NA,NA,NA,NA,"Macropus agilis (Gould, 1841)",NA,"Macropus agilis",5219975,"agilis",NA,NA,5219975,"SPECIES",NA,NA,NA,NA,NA,NA,NA,"Agile wallaby",1977,2016-08-25,40560,"Macropus agilis",1,1,1,"IUCN",2008,"IUCN (International Union for Conservation of Nature)",NA,NA,NA,"ANIMALIA","CHORDATA","MAMMALIA","DIPROTODONTIA","MACROPODIDAE","LC",200.26747468,99.6503361533,TRUE
"1729",NA,"Northern Territory",NA,NA,"PRESERVED_SPECIMEN",NA,"JM13008","Mammalia",359,"-, Northern Territory, Australia","Mammals",NA,NA,0.0045,500,"Australia",NA,"a79c2b50-6c8a-11de-8226-b8a03c50a862",NA,NA,20,NA,NA,NA,NA,NA,NA,NA,NA,NA,NA,"1977-09-20T00:00:00.000+0000",NA,NA,NA,"Macropodidae",9372,NA,"Australia","1066621969","Macropus","Macropus",2440171,"WGS84",NA,NA,NA,NA,NA,NA,NA,NA,NA,NA,NA,NA,NA,NA,NA,NA,NA,"d5079b7d-5b3d-40ec-a4b3-ad7e453f1215",NA,NA,NA,"QM",NA,NA,NA,"AU",1066621969,"Animalia",1,NA,"2015-10-19T05:51:14.820+0000","2016-08-04T10:55:54.645+0000","2015-04-30T09:48:35.676+0000",-12,NA,NA,NA,NA,"-",NA,NA,NA,132.83333,NA,NA,9,NA,"d5079b7d-5b3d-40ec-a4b3-ad7e453f1215",NA,NA,"Diprotodontia",1452,NA,NA,NA,"Chordata",44,NA,NA,"DWC_ARCHIVE","AU","f9d3db7d-6ee9-4fbf-bd4c-e5d0f0bd26c6",NA,NA,NA,NA,NA,NA,"Macropus agilis (Gould, 1841)",NA,"Macropus agilis",5219975,"agilis",NA,NA,5219975,"SPECIES",NA,NA,NA,NA,NA,NA,NA,"Agile wallaby",1977,2016-08-25,40560,"Macropus agilis",1,1,1,"IUCN",2008,"IUCN (International Union for Conservation of Nature)",NA,NA,NA,"ANIMALIA","CHORDATA","MAMMALIA","DIPROTODONTIA","MACROPODIDAE","LC",200.26747468,99.6503361533,TRUE
"1732",NA,"Northern Territory","not applicable",NA,"PRESERVED_SPECIMEN",NA,"M11897","Mammalia",359,"6 KM SW OF RYANS BEND, MCARTHUR RIVER, Northern Territory, not applicable, Australia, OCEANIA","Mammals",NA,"OCEANIA",0.01667,2000,"Australia",NA,"0debafd0-6c8a-11de-8225-b8a03c50a862",NA,NA,12,NA,NA,NA,NA,NA,NA,NA,NA,NA,NA,"1976-02-12T00:00:00.000+0000",NA,NA,NA,"Macropodidae",9372,NA,"Australia","332032990","Macropus","Macropus",2440171,"WGS84",NA,NA,NA,NA,NA,NA,NA,NA,NA,NA,NA,NA,NA,NA,NA,NA,NA,"ab9ea97a-e554-4971-8548-c798bd7cd019",NA,NA,NA,"ANWC",NA,NA,NA,"AU",332032990,"Animalia",1,NA,"2016-08-19T07:26:20.642+0000","2016-08-03T11:46:18.929+0000","2015-04-30T07:14:33.454+0000",-16.1833,NA,NA,NA,NA,"6 KM SW OF RYANS BEND, MCARTHUR RIVER",NA,NA,"ON CREEK",136.0333,NA,NA,2,NA,"ab9ea97a-e554-4971-8548-c798bd7cd019",NA,NA,"Diprotodontia",1452,NA,NA,NA,"Chordata",44,NA,NA,"DWC_ARCHIVE","AU","602f0aa0-1f3e-11da-9ae9-b8a03c50a862",NA,NA,NA,NA,NA,NA,"Macropus agilis (Gould, 1841)",NA,"Macropus agilis",5219975,"agilis",NA,NA,5219975,"SPECIES",NA,NA,NA,NA,NA,NA,NA,"Agile Wallaby",1976,2016-08-25,40560,"Macropus agilis",1,1,1,"IUCN",2008,"IUCN (International Union for Conservation of Nature)",NA,NA,NA,"ANIMALIA","CHORDATA","MAMMALIA","DIPROTODONTIA","MACROPODIDAE","LC",200.26747468,99.6503361533,TRUE
"1734",NA,"Queensland",NA,NA,"PRESERVED_SPECIMEN",NA,"JM1822","Mammalia",359,"-, Queensland, Australia","Mammals",NA,NA,NA,NA,"Australia",NA,"a79c2b50-6c8a-11de-8226-b8a03c50a862",NA,NA,23,NA,NA,NA,NA,NA,NA,NA,NA,NA,NA,"1976-07-23T00:00:00.000+0000",NA,NA,NA,"Macropodidae",9372,NA,"Australia","1066624526","Macropus","Macropus",2440171,"WGS84",NA,NA,NA,NA,NA,NA,NA,NA,NA,NA,NA,NA,NA,NA,NA,NA,NA,"a7925739-c348-44de-b19f-81b68272ca43",NA,NA,NA,"QM",NA,NA,NA,"AU",1066624526,"Animalia",1,NA,"2015-10-19T05:51:15.247+0000","2016-08-04T10:56:00.143+0000","2015-04-30T09:48:37.684+0000",-14.68333,NA,NA,NA,NA,"-",NA,NA,NA,143.58333,NA,NA,7,NA,"a7925739-c348-44de-b19f-81b68272ca43",NA,NA,"Diprotodontia",1452,NA,NA,NA,"Chordata",44,NA,NA,"DWC_ARCHIVE","AU","f9d3db7d-6ee9-4fbf-bd4c-e5d0f0bd26c6",NA,NA,NA,NA,NA,NA,"Macropus agilis (Gould, 1841)",NA,"Macropus agilis",5219975,"agilis",NA,NA,5219975,"SPECIES",NA,NA,NA,NA,NA,NA,NA,"Agile wallaby",1976,2016-08-25,40560,"Macropus agilis",1,1,1,"IUCN",2008,"IUCN (International Union for Conservation of Nature)",NA,NA,NA,"ANIMALIA","CHORDATA","MAMMALIA","DIPROTODONTIA","MACROPODIDAE","LC",200.26747468,99.6503361533,TRUE
"1738",NA,"Queensland",NA,NA,"PRESERVED_SPECIMEN",NA,"M.14160","Mammalia",359,"Queensland, Australia","Mammalogy",NA,NA,0.001,NA,"Australia",NA,"dce8feb0-6c89-11de-8225-b8a03c50a862",NA,NA,15,NA,NA,NA,NA,NA,NA,NA,NA,NA,NA,"1975-04-15T00:00:00.000+0000","urn:australianmuseum.net.au:Events:4001952",NA,NA,"Macropodidae",9372,NA,"Australia","1101188238","Macropus","Macropus",2440171,"WGS84",NA,NA,NA,NA,NA,NA,NA,NA,NA,NA,NA,NA,NA,NA,NA,NA,NA,"6c3fa71f-7d8a-4bde-8988-c98143a132d1",NA,NA,NA,"AM",NA,NA,NA,"AU",1101188238,"Animalia",1,NA,"2016-08-19T08:06:58.909+0000","2016-08-04T14:22:40.154+0000","2015-07-17T07:02:06.728+0000",-20.25,NA,NA,NA,NA,NA,NA,NA,"ecatalogue.LocCollectionEventLocal: ""Australia, Queensland, Mt. Dryander 4kms N of Proserpine (20° 15' S, 148° 32' E) 15/04/1975 - 15/04/1975, Field Collected - Terrestrial"";",148.533,NA,NA,4,NA,"6c3fa71f-7d8a-4bde-8988-c98143a132d1",NA,NA,"Diprotodontia",1452,NA,NA,NA,"Chordata",44,NA,NA,"DWC_ARCHIVE","AU","770c30d2-c2a8-4bb2-8056-6167297cddae","Gibson, L",NA,NA,NA,NA,NA,"Macropus agilis (Gould, 1841)",NA,"Macropus agilis",5219975,"agilis",NA,NA,5219975,"SPECIES",NA,NA,NA,NA,NA,NA,NA,"Agile Wallaby",1975,2016-08-25,40560,"Macropus agilis",1,1,1,"IUCN",2008,"IUCN (International Union for Conservation of Nature)",NA,NA,NA,"ANIMALIA","CHORDATA","MAMMALIA","DIPROTODONTIA","MACROPODIDAE","LC",200.26747468,99.6503361533,TRUE
"1743",NA,"Queensland",NA,NA,"PRESERVED_SPECIMEN",NA,"JM1258","Mammalia",359,"-, Queensland, Australia","Mammals",NA,NA,NA,NA,"Australia",NA,"a79c2b50-6c8a-11de-8226-b8a03c50a862",NA,NA,16,NA,NA,NA,NA,NA,NA,NA,NA,NA,NA,"1975-08-16T00:00:00.000+0000",NA,NA,NA,"Macropodidae",9372,NA,"Australia","1066621485","Macropus","Macropus",2440171,"WGS84",NA,NA,NA,NA,NA,NA,NA,NA,NA,NA,NA,NA,NA,NA,NA,NA,NA,"c35c7d1f-971d-4480-82ad-08472272ef54",NA,NA,NA,"QM",NA,NA,NA,"AU",1066621485,"Animalia",1,NA,"2015-10-19T05:51:14.754+0000","2016-08-04T10:56:02.980+0000","2015-04-30T09:48:35.295+0000",-15.83333,NA,NA,NA,NA,"-",NA,NA,NA,144.83333,NA,NA,8,NA,"c35c7d1f-971d-4480-82ad-08472272ef54",NA,NA,"Diprotodontia",1452,NA,NA,NA,"Chordata",44,NA,NA,"DWC_ARCHIVE","AU","f9d3db7d-6ee9-4fbf-bd4c-e5d0f0bd26c6",NA,NA,NA,NA,NA,NA,"Macropus agilis (Gould, 1841)",NA,"Macropus agilis",5219975,"agilis",NA,NA,5219975,"SPECIES",NA,NA,NA,NA,NA,NA,NA,"Agile wallaby",1975,2016-08-25,40560,"Macropus agilis",1,1,1,"IUCN",2008,"IUCN (International Union for Conservation of Nature)",NA,NA,NA,"ANIMALIA","CHORDATA","MAMMALIA","DIPROTODONTIA","MACROPODIDAE","LC",200.26747468,99.6503361533,TRUE
"1750",NA,"Nt",NA,NA,"PRESERVED_SPECIMEN",NA,"U2503","Mammalia",359,"Daly River-Claravale Crossing, Nt, Australia","Mammal",NA,NA,NA,NA,"Australia",NA,"793c3890-6c8a-11de-8226-b8a03c50a862",NA,NA,8,NA,NA,NA,NA,NA,NA,NA,NA,NA,NA,"1974-08-08T00:00:00.000+0000",NA,NA,NA,"Macropodidae",9372,NA,"Australia","1085843742","Macropus","Macropus",2440171,"WGS84",NA,NA,NA,NA,NA,NA,NA,NA,NA,NA,NA,NA,NA,NA,NA,NA,NA,"c7ebb610-39e8-492e-b73b-b165564ac443",NA,NA,NA,"MAGNT",NA,NA,NA,"AU",1085843742,"Animalia",1,NA,"2016-08-19T07:37:39.486+0000","2016-08-04T02:31:04.054+0000","2015-05-13T22:31:13.467+0000",-14.36667,NA,NA,NA,NA,"Daly River-Claravale Crossing",NA,NA,NA,131.55,NA,NA,8,NA,"c7ebb610-39e8-492e-b73b-b165564ac443",NA,NA,"Diprotodontia",1452,NA,NA,NA,"Chordata",44,NA,NA,"DWC_ARCHIVE","AU","8cdd9232-84eb-4bad-9d9b-a36910cd524b",NA,NA,NA,NA,NA,NA,"Macropus agilis (Gould, 1841)",NA,"Macropus agilis",5219975,"agilis",NA,NA,5219975,"SPECIES",NA,NA,NA,NA,NA,NA,NA,NA,1974,2016-08-25,40560,"Macropus agilis",1,1,1,"IUCN",2008,"IUCN (International Union for Conservation of Nature)",NA,NA,NA,"ANIMALIA","CHORDATA","MAMMALIA","DIPROTODONTIA","MACROPODIDAE","LC",200.26747468,99.6503361533,TRUE
"1757",NA,NA,NA,NA,"PRESERVED_SPECIMEN",NA,"M9016","Mammalia",359,"Cardwell, Australia","Mammalogy",NA,NA,0.001,NA,"Australia",NA,"fa375330-6c8a-11de-8226-b8a03c50a862",NA,NA,24,NA,NA,NA,NA,NA,NA,NA,NA,NA,NA,"1973-04-24T00:00:00.000+0000",NA,NA,NA,"Macropodidae",9372,NA,"Australia","500905724","Macropus","Macropus",2440171,"WGS84",NA,NA,NA,NA,NA,NA,NA,NA,NA,NA,NA,NA,NA,NA,NA,NA,NA,NA,NA,NA,NA,"SAMA",NA,NA,NA,"AU",500905724,"Animalia",1,NA,"2013-09-07T07:22:29.000+0000","2016-08-04T15:41:04.497+0000",NA,-18.266,NA,NA,NA,NA,"Cardwell",NA,NA,NA,146.016,NA,NA,4,NA,NA,NA,NA,"Diprotodontia",1452,NA,NA,NA,"Chordata",44,NA,NA,"DWC_ARCHIVE","AU","4d0539cd-a2e0-4a2c-8b7d-ec6718eef764","Kowanko A.",NA,NA,NA,NA,NA,"Macropus agilis (Gould, 1841)",NA,"Macropus agilis",5219975,"agilis",NA,NA,5219975,"SPECIES",NA,NA,NA,NA,NA,NA,NA,NA,1973,2016-08-25,40560,"Macropus agilis",1,1,1,"IUCN",2008,"IUCN (International Union for Conservation of Nature)",NA,NA,NA,"ANIMALIA","CHORDATA","MAMMALIA","DIPROTODONTIA","MACROPODIDAE","LC",200.26747468,99.6503361533,TRUE
"1760",NA,"Northern Territory","not applicable",NA,"PRESERVED_SPECIMEN",NA,"M07996","Mammalia",359,"MUIRELLA PARK, 12 KM ESE OF NOURLANGIE ROCK, Northern Territory, not applicable, Australia, OCEANIA","Mammals",NA,"OCEANIA",0.01667,2000,"Australia",NA,"0debafd0-6c8a-11de-8225-b8a03c50a862",NA,NA,26,NA,NA,NA,NA,NA,NA,NA,NA,NA,NA,"1973-07-26T00:00:00.000+0000",NA,NA,NA,"Macropodidae",9372,NA,"Australia","332032987","Macropus","Macropus",2440171,"WGS84",NA,NA,NA,NA,NA,NA,NA,NA,NA,NA,NA,NA,NA,NA,NA,NA,NA,"e26beac1-6e82-449a-8ad9-85307ff435b3",NA,NA,NA,"ANWC",NA,NA,NA,"AU",332032987,"Animalia",1,NA,"2016-08-19T07:26:19.831+0000","2016-08-03T11:46:16.559+0000","2015-04-30T07:14:31.410+0000",-12.85,NA,NA,NA,NA,"MUIRELLA PARK, 12 KM ESE OF NOURLANGIE ROCK",NA,NA,NA,132.75,NA,NA,7,NA,"e26beac1-6e82-449a-8ad9-85307ff435b3",NA,NA,"Diprotodontia",1452,NA,NA,NA,"Chordata",44,NA,NA,"DWC_ARCHIVE","AU","602f0aa0-1f3e-11da-9ae9-b8a03c50a862",NA,NA,NA,NA,NA,NA,"Macropus agilis (Gould, 1841)",NA,"Macropus agilis",5219975,"agilis",NA,NA,5219975,"SPECIES",NA,NA,NA,NA,NA,NA,NA,"Agile Wallaby",1973,2016-08-25,40560,"Macropus agilis",1,1,1,"IUCN",2008,"IUCN (International Union for Conservation of Nature)",NA,NA,NA,"ANIMALIA","CHORDATA","MAMMALIA","DIPROTODONTIA","MACROPODIDAE","LC",200.26747468,99.6503361533,TRUE
"1768","http://vertnet.org/resources/norms.html","Northern Territory",NA,NA,"PRESERVED_SPECIMEN",NA,"122694","Mammalia",359,"100MI E DARWIN, Northern Territory, Australia, OCEANIA","Mammals","urn:lsid:biocol.org:col:34916","OCEANIA",NA,124726,"Australia",NA,"6d2cfc0a-9903-40b8-802b-403398218e4a",NA,NA,NA,NA,NA,NA,NA,NA,NA,NA,NA,NA,"NATIVE","1972-01-01T00:00:00.000+0000",NA,NA,NA,"Macropodidae",9372,NA,"Australia","784013130","Macropus","Macropus",2440171,"WGS84",NA,NA,NA,"VertNet Georeferencing Guidelines","Extent is half the longest distance across the town from E to W","ArcView GNS data","requires verification","MARSUPIALIA | MACROPODIDAE | MACROPUS","| Australia | Northern Territory |  |  |  |  |",NA,NA,NA,NA,NA,NA,NA,NA,"urn:catalog:UMMZ:Mammals:122694",NA,NA,NA,"UMMZ","urn:lsid:biocol.org:col:34917",NA,NA,"AU",784013130,"Animalia",1,"en","2015-07-16T13:29:06.962+0000","2016-08-04T00:58:54.714+0000","2015-04-07T16:40:41.580+0000",-12.46667,NA,NA,NA,NA,"100MI E DARWIN",NA,NA,NA,132.31371,NA,"2015-04-06T00:00:00.000+0000",NA,"ICZN","urn:catalog:UMMZ:Mammals:122694","20-25 SEP","present","Diprotodontia",1452,NA,NA,NA,"Chordata",44,"Skeleton | Skin | Skull",NA,"DWC_ARCHIVE","US","6ea87510-0561-11d8-b851-b8a03c50a862","M.C. WORSTER","MZ2959","http://portal.vertnet.org/o/ummz/mammals?id=122694",NA,"http://creativecommons.org/publicdomain/zero/1.0",NA,"Macropus agilis (Gould, 1841)","MALE","Macropus agilis",5219975,"agilis",NA,NA,5219975,"SPECIES","PhysicalObject",NA,"decimal degrees",NA,"1972","AUSTRALIA | NORTHERN TERRITORY | 100MI E DARWIN",NA,NA,1972,2016-08-25,40560,"Macropus agilis",1,1,1,"IUCN",2008,"IUCN (International Union for Conservation of Nature)",NA,NA,NA,"ANIMALIA","CHORDATA","MAMMALIA","DIPROTODONTIA","MACROPODIDAE","LC",200.26747468,99.6503361533,TRUE
"1774",NA,"Western Australia",NA,NA,"PRESERVED_SPECIMEN",NA,"J22120","Mammalia",359,"-, Western Australia, Australia","Mammals",NA,NA,NA,NA,"Australia",NA,"a79c2b50-6c8a-11de-8226-b8a03c50a862",NA,NA,30,NA,NA,NA,NA,NA,NA,NA,NA,NA,NA,"1971-07-30T00:00:00.000+0000",NA,NA,NA,"Macropodidae",9372,NA,"Australia","1066615648","Macropus","Macropus",2440171,"WGS84",NA,NA,NA,NA,NA,NA,NA,NA,NA,NA,NA,NA,NA,NA,NA,NA,NA,"5e2f2c1b-e926-48e7-a59f-ffc3cb60dcc1",NA,NA,NA,"QM",NA,NA,NA,"AU",1066615648,"Animalia",1,NA,"2015-10-19T05:51:13.787+0000","2016-08-04T10:56:16.585+0000","2015-04-30T09:48:31.071+0000",-18.1,NA,NA,NA,NA,"-",NA,NA,NA,124.51667,NA,NA,7,NA,"5e2f2c1b-e926-48e7-a59f-ffc3cb60dcc1",NA,NA,"Diprotodontia",1452,NA,NA,NA,"Chordata",44,NA,NA,"DWC_ARCHIVE","AU","f9d3db7d-6ee9-4fbf-bd4c-e5d0f0bd26c6",NA,NA,NA,NA,NA,NA,"Macropus agilis (Gould, 1841)",NA,"Macropus agilis",5219975,"agilis",NA,NA,5219975,"SPECIES",NA,NA,NA,NA,NA,NA,NA,"Agile wallaby",1971,2016-08-25,40560,"Macropus agilis",1,1,1,"IUCN",2008,"IUCN (International Union for Conservation of Nature)",NA,NA,NA,"ANIMALIA","CHORDATA","MAMMALIA","DIPROTODONTIA","MACROPODIDAE","LC",200.26747468,99.6503361533,TRUE
"1780",NA,"Western Australia",NA,NA,"PRESERVED_SPECIMEN",NA,"JM2248","Mammalia",359,"-, Western Australia, Australia","Mammals",NA,NA,NA,NA,"Australia",NA,"a79c2b50-6c8a-11de-8226-b8a03c50a862",NA,NA,26,NA,NA,NA,NA,NA,NA,NA,NA,NA,NA,"1970-05-26T00:00:00.000+0000",NA,NA,NA,"Macropodidae",9372,NA,"Australia","1066624974","Macropus","Macropus",2440171,"WGS84",NA,NA,NA,NA,NA,NA,NA,NA,NA,NA,NA,NA,NA,NA,NA,NA,NA,"fec5ee6b-2a33-4df5-a27b-be36fecb2d6b",NA,NA,NA,"QM",NA,NA,NA,"AU",1066624974,"Animalia",1,NA,"2015-10-19T05:51:15.305+0000","2016-08-04T10:56:12.718+0000","2015-04-30T09:48:38.125+0000",-17.31667,NA,NA,NA,NA,"-",NA,NA,NA,123.63333,NA,NA,5,NA,"fec5ee6b-2a33-4df5-a27b-be36fecb2d6b",NA,NA,"Diprotodontia",1452,NA,NA,NA,"Chordata",44,NA,NA,"DWC_ARCHIVE","AU","f9d3db7d-6ee9-4fbf-bd4c-e5d0f0bd26c6",NA,NA,NA,NA,NA,NA,"Macropus agilis (Gould, 1841)",NA,"Macropus agilis",5219975,"agilis",NA,NA,5219975,"SPECIES",NA,NA,NA,NA,NA,NA,NA,"Agile wallaby",1970,2016-08-25,40560,"Macropus agilis",1,1,1,"IUCN",2008,"IUCN (International Union for Conservation of Nature)",NA,NA,NA,"ANIMALIA","CHORDATA","MAMMALIA","DIPROTODONTIA","MACROPODIDAE","LC",200.26747468,99.6503361533,TRUE
"1786",NA,"Northern Territory","not applicable",NA,"PRESERVED_SPECIMEN",NA,"M03474","Mammalia",359,"EX 71 MILE, ADELAIDE RIVER TOWN AREA, Northern Territory, not applicable, Australia, OCEANIA","Mammals",NA,"OCEANIA",0.01667,2000,"Australia",NA,"0debafd0-6c8a-11de-8225-b8a03c50a862",NA,NA,10,NA,NA,NA,NA,NA,NA,NA,NA,NA,NA,"1969-04-10T00:00:00.000+0000",NA,NA,NA,"Macropodidae",9372,NA,"Australia","332032984","Macropus","Macropus",2440171,"WGS84",NA,NA,NA,NA,NA,NA,NA,NA,NA,NA,NA,NA,NA,NA,NA,NA,NA,"1b8d8164-bd30-43fa-9e92-903cad3e5961",NA,NA,NA,"ANWC",NA,NA,NA,"AU",332032984,"Animalia",1,NA,"2016-08-19T07:26:18.797+0000","2016-08-03T11:46:17.014+0000","2015-04-30T07:14:28.796+0000",-13.2333,NA,NA,NA,NA,"EX 71 MILE, ADELAIDE RIVER TOWN AREA",NA,NA,"AIB3",131.15,NA,NA,4,NA,"1b8d8164-bd30-43fa-9e92-903cad3e5961",NA,NA,"Diprotodontia",1452,NA,NA,NA,"Chordata",44,NA,NA,"DWC_ARCHIVE","AU","602f0aa0-1f3e-11da-9ae9-b8a03c50a862",NA,NA,NA,NA,NA,NA,"Macropus agilis (Gould, 1841)",NA,"Macropus agilis",5219975,"agilis",NA,NA,5219975,"SPECIES",NA,NA,NA,NA,NA,NA,NA,"Agile Wallaby",1969,2016-08-25,40560,"Macropus agilis",1,1,1,"IUCN",2008,"IUCN (International Union for Conservation of Nature)",NA,NA,NA,"ANIMALIA","CHORDATA","MAMMALIA","DIPROTODONTIA","MACROPODIDAE","LC",200.26747468,99.6503361533,TRUE
"1787",NA,"Northern Territory",NA,NA,"PRESERVED_SPECIMEN",NA,"M.9359","Mammalia",359,"Northern Territory, Australia","Mammalogy",NA,NA,0.001,NA,"Australia",NA,"dce8feb0-6c89-11de-8225-b8a03c50a862",NA,NA,29,NA,NA,NA,NA,NA,NA,NA,NA,NA,NA,"1969-07-29T00:00:00.000+0000","urn:australianmuseum.net.au:Events:4007290",NA,NA,"Macropodidae",9372,NA,"Australia","1101235725","Macropus","Macropus",2440171,"WGS84",NA,NA,NA,NA,NA,NA,NA,NA,NA,NA,NA,NA,NA,NA,NA,NA,NA,"24de9902-a8af-426e-a6ea-08fbe86e14ee",NA,NA,NA,"AM",NA,NA,NA,"AU",1101235725,"Animalia",1,NA,"2016-08-19T08:07:07.421+0000","2016-08-04T14:22:13.951+0000","2015-07-17T07:05:29.568+0000",-13.716,NA,NA,NA,NA,NA,NA,NA,"ecatalogue.LocCollectionEventLocal: ""Australia, Northern Territory, GIMBAT STN S ALLIGATOR R (13° 43' S, 132° 54' E) 29/07/1969 - 29/07/1969, Field Collected - Terrestrial"";",132.9,NA,NA,7,NA,"24de9902-a8af-426e-a6ea-08fbe86e14ee",NA,NA,"Diprotodontia",1452,NA,NA,NA,"Chordata",44,NA,NA,"DWC_ARCHIVE","AU","770c30d2-c2a8-4bb2-8056-6167297cddae","RICHARDSON, B",NA,NA,NA,NA,NA,"Macropus agilis (Gould, 1841)",NA,"Macropus agilis",5219975,"agilis",NA,NA,5219975,"SPECIES",NA,NA,NA,NA,NA,NA,NA,"Agile Wallaby",1969,2016-08-25,40560,"Macropus agilis",1,1,1,"IUCN",2008,"IUCN (International Union for Conservation of Nature)",NA,NA,NA,"ANIMALIA","CHORDATA","MAMMALIA","DIPROTODONTIA","MACROPODIDAE","LC",200.26747468,99.6503361533,TRUE
"1789","http://www.vertnet.org/resources/norms.html","Western Province",NA,NA,"PRESERVED_SPECIMEN",NA,"140161","Mammalia",359,"Wipim, 14 mi N and 20 mi W Daru, Western Province, Papua New Guinea","Mammal specimens","urn:lsid:biocol.org:col:34904",NA,NA,1202,"Papua New Guinea",NA,"0daed095-478a-4af6-abf5-18acb790fbb2",NA,"1999-01-27T00:00:00.000+0000",16,NA,NA,NA,"sex=male",NA,NA,NA,NA,"228",NA,"1969-08-16T00:00:00.000+0000",NA,NA,NA,"Macropodidae",9372,NA,"Papua New Guinea","1145710100","Macropus","Macropus",2440171,"WGS84",NA,"Carla H. Kishinami","2003-04-09 00:00:00.0","MaNIS georeferencing guidelines",NA,"Map: Royal Australian Survey Corps, Wipim, sheet #7480 (Edition 1) Series T601, 1977","unverified","Animalia; Chordata; Mammalia; Diprotodontia; Macropodidae; Macropodinae;  Peters and Doria, 1875","Pacific Ocean, Papua New Guinea, Western Province",NA,NA,NA,NA,"A",NA,"legacy","Museum of Vertebrate Zoology, University of California, Berkeley","http://arctos.database.museum/guid/MVZ:Mamm:140161?seid=170350",1,NA,"papuanus","MVZ","urn:lsid:biocol.org:col:34777",NA,NA,"PG",1145710100,"Animalia",1,"en","2016-08-09T09:38:03.090+0000","2016-08-09T09:38:53.275+0000","2016-08-09T09:38:03.359+0000",-8.78578883232291,NA,NA,NA,NA,"Wipim, 14 mi N and 20 mi W Daru","Carla H. Kishinami",NA,NA,142.876422569293,NA,NA,8,"ICZN","http://arctos.database.museum/guid/MVZ:Mamm:140161?seid=170350",NA,NA,"Diprotodontia",1452,"http://arctos.database.museum/guid/MVZ:Mamm:140161","Alpha Helix Expedition=AH-3855; collector number=547",NA,"Chordata",44,"skin; skull","<i>Macropus agilis papuanus</i> (accepted ID) identified by Museum of Vertebrate Zoology, University of California, Berkeley on 1999-01-27; method: legacy","DWC_ARCHIVE","US","8edbbde0-055e-11d8-b850-b8a03c50a862","Collector(s): William R. Johnson, L. Medway","547","http://arctos.database.museum/guid/MVZ:Mamm:140161",NA,"http://creativecommons.org/publicdomain/zero/1.0/",NA,"Macropus agilis subsp. papuanus Peters & Doria, 1875","MALE","Macropus agilis",5219975,"agilis",NA,NA,5219976,"SUBSPECIES","PhysicalObject",NA,"decimal degrees",NA,"16 Aug 1969","Wipim, 14 mi N and 20 mi W Daru",NA,NA,1969,2016-08-25,40560,"Macropus agilis",1,1,1,"IUCN",2008,"IUCN (International Union for Conservation of Nature)",NA,NA,"New Guinea","ANIMALIA","CHORDATA","MAMMALIA","DIPROTODONTIA","MACROPODIDAE","LC",26.5043524997,7.71138240796,TRUE
"1790",NA,"Queensland",NA,NA,"PRESERVED_SPECIMEN",NA,"J18078","Mammalia",359,"-, Queensland, Australia","Mammals",NA,NA,0.01667,500,"Australia",NA,"a79c2b50-6c8a-11de-8226-b8a03c50a862",NA,NA,21,NA,NA,NA,NA,NA,NA,NA,NA,NA,NA,"1969-09-21T00:00:00.000+0000",NA,NA,NA,"Macropodidae",9372,NA,"Australia","1066614133","Macropus","Macropus",2440171,"WGS84",NA,NA,NA,NA,NA,NA,NA,NA,NA,NA,NA,NA,NA,NA,NA,NA,NA,"2391dfed-bfcc-40a8-9f7e-d18cbb660042",NA,NA,"jardinii","QM",NA,NA,NA,"AU",1066614133,"Animalia",1,NA,"2015-10-19T05:51:13.562+0000","2016-08-04T10:56:16.843+0000","2015-04-30T09:48:29.887+0000",-18.04167,NA,NA,NA,NA,"-",NA,NA,NA,145.80833,NA,NA,9,NA,"2391dfed-bfcc-40a8-9f7e-d18cbb660042",NA,NA,"Diprotodontia",1452,NA,NA,NA,"Chordata",44,NA,NA,"DWC_ARCHIVE","AU","f9d3db7d-6ee9-4fbf-bd4c-e5d0f0bd26c6",NA,NA,NA,NA,NA,NA,"Macropus agilis subsp. jardinii De Vis, 1884",NA,"Macropus agilis",5219975,"agilis",NA,NA,5219979,"SUBSPECIES",NA,NA,NA,NA,NA,NA,NA,NA,1969,2016-08-25,40560,"Macropus agilis",1,1,1,"IUCN",2008,"IUCN (International Union for Conservation of Nature)",NA,NA,NA,"ANIMALIA","CHORDATA","MAMMALIA","DIPROTODONTIA","MACROPODIDAE","LC",200.26747468,99.6503361533,TRUE
"1791",NA,"Nt",NA,NA,"PRESERVED_SPECIMEN",NA,"U2513","Mammalia",359,"Deaf Adder Creek, Kakadu National Park, Nt, Australia","Mammal",NA,NA,NA,NA,"Australia",NA,"793c3890-6c8a-11de-8226-b8a03c50a862",NA,NA,28,NA,NA,NA,NA,NA,NA,NA,NA,NA,NA,"1969-09-28T00:00:00.000+0000",NA,NA,NA,"Macropodidae",9372,NA,"Australia","1085843726","Macropus","Macropus",2440171,"WGS84",NA,NA,NA,NA,NA,NA,NA,NA,NA,NA,NA,NA,NA,NA,NA,NA,NA,"406c51f0-099b-4e5b-92ba-49e0d6e89133",NA,NA,NA,"MAGNT",NA,NA,NA,"AU",1085843726,"Animalia",1,NA,"2016-08-19T07:37:39.488+0000","2016-08-04T02:31:01.989+0000","2015-05-13T22:31:13.449+0000",-13.05,NA,NA,NA,NA,"Deaf Adder Creek, Kakadu National Park",NA,NA,NA,132.9,NA,NA,9,NA,"406c51f0-099b-4e5b-92ba-49e0d6e89133",NA,NA,"Diprotodontia",1452,NA,NA,NA,"Chordata",44,NA,NA,"DWC_ARCHIVE","AU","8cdd9232-84eb-4bad-9d9b-a36910cd524b",NA,NA,NA,NA,NA,NA,"Macropus agilis (Gould, 1841)",NA,"Macropus agilis",5219975,"agilis",NA,NA,5219975,"SPECIES",NA,NA,NA,NA,NA,NA,NA,NA,1969,2016-08-25,40560,"Macropus agilis",1,1,1,"IUCN",2008,"IUCN (International Union for Conservation of Nature)",NA,NA,NA,"ANIMALIA","CHORDATA","MAMMALIA","DIPROTODONTIA","MACROPODIDAE","LC",200.26747468,99.6503361533,TRUE
"1801",NA,"Northern Territory","not applicable",NA,"PRESERVED_SPECIMEN",NA,"M03457","Mammalia",359,"EX MANBULLOO STATION, Northern Territory, not applicable, Australia, OCEANIA","Mammals",NA,"OCEANIA",0.01667,2000,"Australia",NA,"0debafd0-6c8a-11de-8225-b8a03c50a862",NA,NA,23,NA,NA,NA,NA,NA,NA,NA,NA,NA,NA,"1968-08-23T00:00:00.000+0000",NA,NA,NA,"Macropodidae",9372,NA,"Australia","332032977","Macropus","Macropus",2440171,"WGS84",NA,NA,NA,NA,NA,NA,NA,NA,NA,NA,NA,NA,NA,NA,NA,NA,NA,"a1cb1e51-c763-4d01-bb16-188bd838a6a3",NA,NA,NA,"ANWC",NA,NA,NA,"AU",332032977,"Animalia",1,NA,"2016-08-19T07:26:18.743+0000","2016-08-03T11:46:17.448+0000","2015-04-30T07:14:28.843+0000",-14.5167,NA,NA,NA,NA,"EX MANBULLOO STATION",NA,NA,NA,132.2,NA,NA,8,NA,"a1cb1e51-c763-4d01-bb16-188bd838a6a3",NA,NA,"Diprotodontia",1452,NA,NA,NA,"Chordata",44,NA,NA,"DWC_ARCHIVE","AU","602f0aa0-1f3e-11da-9ae9-b8a03c50a862",NA,NA,NA,NA,NA,NA,"Macropus agilis (Gould, 1841)",NA,"Macropus agilis",5219975,"agilis",NA,NA,5219975,"SPECIES",NA,NA,NA,NA,NA,NA,NA,"Agile Wallaby",1968,2016-08-25,40560,"Macropus agilis",1,1,1,"IUCN",2008,"IUCN (International Union for Conservation of Nature)",NA,NA,NA,"ANIMALIA","CHORDATA","MAMMALIA","DIPROTODONTIA","MACROPODIDAE","LC",200.26747468,99.6503361533,TRUE
"1889",NA,"Queensland","not applicable",NA,"PRESERVED_SPECIMEN",NA,"M03050","Mammalia",359,"20 MILES SW OF COOKTOWN, Queensland, not applicable, Australia, OCEANIA","Mammals",NA,"OCEANIA",0.01667,2000,"Australia",NA,"0debafd0-6c8a-11de-8225-b8a03c50a862",NA,NA,12,NA,NA,NA,NA,NA,NA,NA,NA,NA,NA,"1967-11-12T00:00:00.000+0000",NA,NA,NA,"Macropodidae",9372,NA,"Australia","332032973","Macropus","Macropus",2440171,"WGS84",NA,NA,NA,NA,NA,NA,NA,NA,NA,NA,NA,NA,NA,NA,NA,NA,NA,"0fb9e29d-df75-4369-99cf-024566b7965b",NA,NA,NA,"ANWC",NA,NA,NA,"AU",332032973,"Animalia",1,NA,"2016-08-19T07:26:18.639+0000","2016-08-03T11:46:17.962+0000","2015-04-30T07:14:28.661+0000",-15.6833,NA,NA,NA,NA,"20 MILES SW OF COOKTOWN",NA,NA,NA,145.1833,NA,NA,11,NA,"0fb9e29d-df75-4369-99cf-024566b7965b",NA,NA,"Diprotodontia",1452,NA,NA,NA,"Chordata",44,NA,NA,"DWC_ARCHIVE","AU","602f0aa0-1f3e-11da-9ae9-b8a03c50a862",NA,NA,NA,NA,NA,NA,"Macropus agilis (Gould, 1841)",NA,"Macropus agilis",5219975,"agilis",NA,NA,5219975,"SPECIES",NA,NA,NA,NA,NA,NA,NA,"Agile Wallaby",1967,2016-08-25,40560,"Macropus agilis",1,1,1,"IUCN",2008,"IUCN (International Union for Conservation of Nature)",NA,NA,NA,"ANIMALIA","CHORDATA","MAMMALIA","DIPROTODONTIA","MACROPODIDAE","LC",200.26747468,99.6503361533,TRUE
"1892",NA,"Queensland",NA,NA,"PRESERVED_SPECIMEN",NA,"J14630","Mammalia",359,"-, Queensland, Australia","Mammals",NA,NA,NA,NA,"Australia",NA,"a79c2b50-6c8a-11de-8226-b8a03c50a862",NA,NA,10,NA,NA,NA,NA,NA,NA,NA,NA,NA,NA,"1966-01-10T00:00:00.000+0000",NA,NA,NA,"Macropodidae",9372,NA,"Australia","1066612715","Macropus","Macropus",2440171,"WGS84",NA,NA,NA,NA,NA,NA,NA,NA,NA,NA,NA,NA,NA,NA,NA,NA,NA,"31157a9f-0d11-45ac-a027-1cddf59170aa",NA,NA,"jardinii","QM",NA,NA,NA,"AU",1066612715,"Animalia",1,NA,"2015-10-19T05:51:12.698+0000","2016-08-04T10:56:21.293+0000","2015-04-30T09:48:28.863+0000",-19.38333,NA,NA,NA,NA,"-",NA,NA,NA,147.08333,NA,NA,1,NA,"31157a9f-0d11-45ac-a027-1cddf59170aa",NA,NA,"Diprotodontia",1452,NA,NA,NA,"Chordata",44,NA,NA,"DWC_ARCHIVE","AU","f9d3db7d-6ee9-4fbf-bd4c-e5d0f0bd26c6",NA,NA,NA,NA,NA,NA,"Macropus agilis subsp. jardinii De Vis, 1884",NA,"Macropus agilis",5219975,"agilis",NA,NA,5219979,"SUBSPECIES",NA,NA,NA,NA,NA,NA,NA,NA,1966,2016-08-25,40560,"Macropus agilis",1,1,1,"IUCN",2008,"IUCN (International Union for Conservation of Nature)",NA,NA,NA,"ANIMALIA","CHORDATA","MAMMALIA","DIPROTODONTIA","MACROPODIDAE","LC",200.26747468,99.6503361533,TRUE
"2000",NA,NA,NA,NA,"PRESERVED_SPECIMEN",NA,"M07204","Mammalia",359,"Australia","Mammalogy",NA,NA,NA,NA,"Australia",NA,"fa375330-6c8a-11de-8226-b8a03c50a862",NA,NA,30,NA,NA,NA,NA,NA,NA,NA,NA,NA,NA,"1966-07-30T00:00:00.000+0000",NA,NA,NA,"Macropodidae",9372,NA,"Australia","691280641","Macropus","Macropus",2440171,"WGS84",NA,NA,NA,NA,NA,NA,NA,NA,NA,NA,NA,NA,NA,NA,NA,NA,NA,NA,NA,NA,NA,"SAMA",NA,NA,NA,"AU",691280641,"Animalia",1,NA,"2013-09-07T07:16:37.000+0000","2016-08-04T15:41:42.182+0000",NA,-13.6,NA,NA,NA,NA,NA,NA,NA,NA,131.2,NA,NA,7,NA,NA,NA,NA,"Diprotodontia",1452,NA,NA,NA,"Chordata",44,NA,NA,"DWC_ARCHIVE","AU","4d0539cd-a2e0-4a2c-8b7d-ec6718eef764","Aitken P.F.",NA,NA,NA,NA,NA,"Macropus agilis (Gould, 1841)",NA,"Macropus agilis",5219975,"agilis",NA,NA,5219975,"SPECIES",NA,NA,NA,NA,NA,NA,NA,NA,1966,2016-08-25,40560,"Macropus agilis",1,1,1,"IUCN",2008,"IUCN (International Union for Conservation of Nature)",NA,NA,NA,"ANIMALIA","CHORDATA","MAMMALIA","DIPROTODONTIA","MACROPODIDAE","LC",200.26747468,99.6503361533,TRUE
"2001",NA,NA,NA,NA,"PRESERVED_SPECIMEN",NA,"M12762","Mammalia",359,"Katherine, Australia","Mammalogy",NA,NA,0.001,NA,"Australia",NA,"fa375330-6c8a-11de-8226-b8a03c50a862",NA,NA,13,NA,NA,NA,NA,NA,NA,NA,NA,NA,NA,"1966-07-13T00:00:00.000+0000",NA,NA,NA,"Macropodidae",9372,NA,"Australia","500843444","Macropus","Macropus",2440171,"WGS84",NA,NA,NA,NA,NA,NA,NA,NA,NA,NA,NA,NA,NA,NA,NA,NA,"Aitken",NA,NA,NA,"agilis","SAMA",NA,NA,NA,"AU",500843444,"Animalia",1,NA,"2013-09-07T07:22:21.000+0000","2016-08-04T15:41:16.086+0000",NA,-14.466,NA,NA,NA,NA,"Katherine",NA,NA,NA,132.12499,NA,NA,7,NA,NA,NA,NA,"Diprotodontia",1452,NA,NA,NA,"Chordata",44,NA,NA,"DWC_ARCHIVE","AU","4d0539cd-a2e0-4a2c-8b7d-ec6718eef764","Aitken P.F.",NA,NA,NA,NA,NA,"Macropus agilis subsp. agilis",NA,"Macropus agilis",5219975,"agilis",NA,NA,7194032,"SUBSPECIES",NA,NA,NA,NA,NA,NA,NA,NA,1966,2016-08-25,40560,"Macropus agilis",1,1,1,"IUCN",2008,"IUCN (International Union for Conservation of Nature)",NA,NA,NA,"ANIMALIA","CHORDATA","MAMMALIA","DIPROTODONTIA","MACROPODIDAE","LC",200.26747468,99.6503361533,TRUE
"2029",NA,"Queensland",NA,NA,"PRESERVED_SPECIMEN",NA,"J14833","Mammalia",359,"-, Queensland, Australia","Mammals",NA,NA,NA,NA,"Australia",NA,"a79c2b50-6c8a-11de-8226-b8a03c50a862",NA,NA,19,NA,NA,NA,NA,NA,NA,NA,NA,NA,NA,"1965-05-19T00:00:00.000+0000",NA,NA,NA,"Macropodidae",9372,NA,"Australia","1066612900","Macropus","Macropus",2440171,"WGS84",NA,NA,NA,NA,NA,NA,NA,NA,NA,NA,NA,NA,NA,NA,NA,NA,NA,"a7c54188-5dbc-4a9b-a5b9-f5364406bf80",NA,NA,"jardinii","QM",NA,NA,NA,"AU",1066612900,"Animalia",1,NA,"2015-10-19T05:51:12.735+0000","2016-08-04T10:56:22.111+0000","2015-04-30T09:48:28.988+0000",-19.75,NA,NA,NA,NA,"-",NA,NA,NA,146.6,NA,NA,5,NA,"a7c54188-5dbc-4a9b-a5b9-f5364406bf80",NA,NA,"Diprotodontia",1452,NA,NA,NA,"Chordata",44,NA,NA,"DWC_ARCHIVE","AU","f9d3db7d-6ee9-4fbf-bd4c-e5d0f0bd26c6",NA,NA,NA,NA,NA,NA,"Macropus agilis subsp. jardinii De Vis, 1884",NA,"Macropus agilis",5219975,"agilis",NA,NA,5219979,"SUBSPECIES",NA,NA,NA,NA,NA,NA,NA,NA,1965,2016-08-25,40560,"Macropus agilis",1,1,1,"IUCN",2008,"IUCN (International Union for Conservation of Nature)",NA,NA,NA,"ANIMALIA","CHORDATA","MAMMALIA","DIPROTODONTIA","MACROPODIDAE","LC",200.26747468,99.6503361533,TRUE
"2049","http://www.vertnet.org/resources/norms.html","Western Australia",NA,NA,"PRESERVED_SPECIMEN",NA,"M-197540","Mammalia",359,"Inglis Gap, Western Australia, Australia, OCEANIA","Mammals",NA,"OCEANIA",NA,NA,"Australia",NA,"96ca66b4-f762-11e1-a439-00145eb45e9a",NA,NA,10,NA,NA,NA,NA,NA,NA,610,0,"161","NATIVE","1965-06-10T00:00:00.000+0000",NA,NA,NA,"Macropodidae",9372,NA,"Australia","859426188","Macropus","Macropus",2440171,"WGS84",NA,NA,NA,NA,NA,NA,NA,"Animalia;Chordata;Mammalia;Diprotodontia;Macropodidae;Macropus","Australia;Australia;Western Australia;;;;;",NA,NA,NA,NA,NA,NA,NA,NA,"urn:catalog:AMNH:Mammals:M-197540",1,NA,NA,"AMNH","urn:lsid:biocol.org:col:34925",NA,NA,"AU",859426188,"Animalia",1,"en","2016-06-20T19:01:36.884+0000","2016-08-04T10:29:39.876+0000","2016-06-20T19:01:36.901+0000",-17.1,NA,NA,NA,NA,"Inglis Gap",NA,NA,NA,125.1,NA,"2013-08-07T00:00:00.000+0000",6,"ICZN","urn:catalog:AMNH:Mammals:M-197540","Note in catalog: Partial mandibles only.","present","Diprotodontia",1452,NA,NA,NA,"Chordata",44,NA,NA,"DWC_ARCHIVE","US","ccd1ddc0-6c21-11de-8224-b8a03c50a862","W. H. Butler","B 1381",NA,NA,"http://creativecommons.org/publicdomain/zero/1.0",NA,"Macropus agilis (Gould, 1841)",NA,"Macropus agilis",5219975,"agilis","161",NA,5219975,"SPECIES","PhysicalObject",NA,NA,"2000 ft","1965-06-10","Australia; Australia; Western Australia; ; ; ; ; ; ; ; Australia; Australia; Western Australia; ; ; ; ; ; ; ; Inglis Gap",NA,NA,1965,2016-08-25,40560,"Macropus agilis",1,1,1,"IUCN",2008,"IUCN (International Union for Conservation of Nature)",NA,NA,NA,"ANIMALIA","CHORDATA","MAMMALIA","DIPROTODONTIA","MACROPODIDAE","LC",200.26747468,99.6503361533,TRUE
"2062","http://www.vertnet.org/resources/norms.html","Western Australia",NA,NA,"PRESERVED_SPECIMEN",NA,"M-197538","Mammalia",359,"Parry Creek, Western Australia, Australia, OCEANIA","Mammals",NA,"OCEANIA",NA,NA,"Australia",NA,"96ca66b4-f762-11e1-a439-00145eb45e9a",NA,NA,21,NA,NA,NA,NA,NA,NA,30,0,"202","NATIVE","1965-07-21T00:00:00.000+0000",NA,NA,NA,"Macropodidae",9372,NA,"Australia","859369138","Macropus","Macropus",2440171,"WGS84",NA,NA,NA,NA,NA,NA,NA,"Animalia;Chordata;Mammalia;Diprotodontia;Macropodidae;Macropus","Australia;Australia;Western Australia;;;;;",NA,NA,NA,NA,NA,NA,NA,NA,"urn:catalog:AMNH:Mammals:M-197538",1,NA,NA,"AMNH","urn:lsid:biocol.org:col:34925",NA,NA,"AU",859369138,"Animalia",1,"en","2016-06-20T19:00:58.114+0000","2016-08-04T10:29:50.837+0000","2016-06-20T19:00:58.182+0000",-15.4,NA,NA,NA,NA,"Parry Creek",NA,NA,NA,128.15,NA,"2013-08-07T00:00:00.000+0000",7,"ICZN","urn:catalog:AMNH:Mammals:M-197538",NA,"present","Diprotodontia",1452,NA,NA,NA,"Chordata",44,"Not Mounted",NA,"DWC_ARCHIVE","US","ccd1ddc0-6c21-11de-8224-b8a03c50a862","W. H. Butler","B 1427",NA,NA,"http://creativecommons.org/publicdomain/zero/1.0",NA,"Macropus agilis (Gould, 1841)","FEMALE","Macropus agilis",5219975,"agilis","202",NA,5219975,"SPECIES","PhysicalObject",NA,NA,"100 ft","1965-07-21","Australia; Australia; Western Australia; ; ; ; ; ; ; ; Australia; Australia; Western Australia; ; ; ; ; ; ; ; Parry Creek",NA,NA,1965,2016-08-25,40560,"Macropus agilis",1,1,1,"IUCN",2008,"IUCN (International Union for Conservation of Nature)",NA,NA,NA,"ANIMALIA","CHORDATA","MAMMALIA","DIPROTODONTIA","MACROPODIDAE","LC",200.26747468,99.6503361533,TRUE
"2098",NA,"Queensland",NA,NA,"PRESERVED_SPECIMEN",NA,"J14678","Mammalia",359,"-, Queensland, Australia","Mammals",NA,NA,NA,NA,"Australia",NA,"a79c2b50-6c8a-11de-8226-b8a03c50a862",NA,NA,1,NA,NA,NA,NA,NA,NA,NA,NA,NA,NA,"1965-09-01T00:00:00.000+0000",NA,NA,NA,"Macropodidae",9372,NA,"Australia","1066612745","Macropus","Macropus",2440171,"WGS84",NA,NA,NA,NA,NA,NA,NA,NA,NA,NA,NA,NA,NA,NA,NA,NA,NA,"fe8abf4c-e26e-48be-afa7-46aab0f3dd69",NA,NA,"jardinii","QM",NA,NA,NA,"AU",1066612745,"Animalia",1,NA,"2015-10-19T05:51:12.706+0000","2016-08-04T10:56:01.583+0000","2015-04-30T09:48:28.879+0000",-15.48333,NA,NA,NA,NA,"-",NA,NA,NA,145.25,NA,NA,9,NA,"fe8abf4c-e26e-48be-afa7-46aab0f3dd69",NA,NA,"Diprotodontia",1452,NA,NA,NA,"Chordata",44,NA,NA,"DWC_ARCHIVE","AU","f9d3db7d-6ee9-4fbf-bd4c-e5d0f0bd26c6",NA,NA,NA,NA,NA,NA,"Macropus agilis subsp. jardinii De Vis, 1884",NA,"Macropus agilis",5219975,"agilis",NA,NA,5219979,"SUBSPECIES",NA,NA,NA,NA,NA,NA,NA,NA,1965,2016-08-25,40560,"Macropus agilis",1,1,1,"IUCN",2008,"IUCN (International Union for Conservation of Nature)",NA,NA,NA,"ANIMALIA","CHORDATA","MAMMALIA","DIPROTODONTIA","MACROPODIDAE","LC",200.26747468,99.6503361533,TRUE
"2233",NA,"Queensland","not applicable",NA,"PRESERVED_SPECIMEN",NA,"M00751","Mammalia",359,"CAPSIZE CREEK, 50 MILES S OF MORTON T O, CAPE YORK PEN, Queensland, not applicable, Australia, OCEANIA","Mammals",NA,"OCEANIA",0.01667,2000,"Australia",NA,"0debafd0-6c8a-11de-8225-b8a03c50a862",NA,NA,19,NA,NA,NA,NA,NA,NA,NA,NA,NA,NA,"1964-07-19T00:00:00.000+0000",NA,NA,NA,"Macropodidae",9372,NA,"Australia","332032952","Macropus","Macropus",2440171,"WGS84",NA,NA,NA,NA,NA,NA,NA,NA,NA,NA,NA,NA,NA,NA,NA,NA,NA,"226ba5e6-0d10-4dbd-927d-59c1cd4c955c",NA,NA,NA,"ANWC",NA,NA,NA,"AU",332032952,"Animalia",1,NA,"2016-08-19T07:26:18.035+0000","2016-08-03T11:46:16.688+0000","2015-04-30T07:14:27.455+0000",-12.9667,NA,NA,NA,NA,"CAPSIZE CREEK, 50 MILES S OF MORTON T O, CAPE YORK PEN",NA,NA,NA,142.7667,NA,NA,7,NA,"226ba5e6-0d10-4dbd-927d-59c1cd4c955c",NA,NA,"Diprotodontia",1452,NA,NA,NA,"Chordata",44,NA,NA,"DWC_ARCHIVE","AU","602f0aa0-1f3e-11da-9ae9-b8a03c50a862",NA,NA,NA,NA,NA,NA,"Macropus agilis (Gould, 1841)",NA,"Macropus agilis",5219975,"agilis",NA,NA,5219975,"SPECIES",NA,NA,NA,NA,NA,NA,NA,"Agile Wallaby",1964,2016-08-25,40560,"Macropus agilis",1,1,1,"IUCN",2008,"IUCN (International Union for Conservation of Nature)",NA,NA,NA,"ANIMALIA","CHORDATA","MAMMALIA","DIPROTODONTIA","MACROPODIDAE","LC",200.26747468,99.6503361533,TRUE
"2234",NA,"Queensland","not applicable",NA,"PRESERVED_SPECIMEN",NA,"M00778","Mammalia",359,"IRON RANGE AIRFIELD, CAPE YORK PENINSULA, Queensland, not applicable, Australia, OCEANIA","Mammals",NA,"OCEANIA",0.01667,2000,"Australia",NA,"0debafd0-6c8a-11de-8225-b8a03c50a862",NA,NA,31,NA,NA,NA,NA,NA,NA,NA,NA,NA,NA,"1964-07-31T00:00:00.000+0000",NA,NA,NA,"Macropodidae",9372,NA,"Australia","332032953","Macropus","Macropus",2440171,"WGS84",NA,NA,NA,NA,NA,NA,NA,NA,NA,NA,NA,NA,NA,NA,NA,NA,NA,"4f1a4865-d630-4ee7-9c07-004c000eaffd",NA,NA,NA,"ANWC",NA,NA,NA,"AU",332032953,"Animalia",1,NA,"2016-08-19T07:26:18.120+0000","2016-08-03T11:46:15.924+0000","2015-04-30T07:14:27.478+0000",-12.7667,NA,NA,NA,NA,"IRON RANGE AIRFIELD, CAPE YORK PENINSULA",NA,NA,NA,143.2667,NA,NA,7,NA,"4f1a4865-d630-4ee7-9c07-004c000eaffd",NA,NA,"Diprotodontia",1452,NA,NA,NA,"Chordata",44,NA,NA,"DWC_ARCHIVE","AU","602f0aa0-1f3e-11da-9ae9-b8a03c50a862",NA,NA,NA,NA,NA,NA,"Macropus agilis (Gould, 1841)",NA,"Macropus agilis",5219975,"agilis",NA,NA,5219975,"SPECIES",NA,NA,NA,NA,NA,NA,NA,"Agile Wallaby",1964,2016-08-25,40560,"Macropus agilis",1,1,1,"IUCN",2008,"IUCN (International Union for Conservation of Nature)",NA,NA,NA,"ANIMALIA","CHORDATA","MAMMALIA","DIPROTODONTIA","MACROPODIDAE","LC",200.26747468,99.6503361533,TRUE
"2252",NA,"Queensland",NA,NA,"PRESERVED_SPECIMEN",NA,"C17534","Mammalia",359,"Albert River,1.6 km upstream from Burketown Bridge, Queensland, Australia","Mammalogy",NA,NA,NA,NA,"Australia",NA,"39905320-6c8a-11de-8226-b8a03c50a862",NA,NA,17,NA,NA,NA,NA,NA,NA,NA,NA,NA,NA,"1962-09-17T00:00:00.000+0000",NA,NA,NA,"Macropodidae",9372,NA,"Australia","1272775400","Macropus","Macropus",2440171,"WGS84",NA,NA,NA,NA,NA,NA,NA,NA,NA,NA,NA,NA,NA,NA,NA,NA,NA,"1342669d-ed6e-449c-94d6-e8121d66c243",1,NA,NA,"NMV",NA,NA,NA,"AU",1272775400,"Animalia",1,NA,"2016-08-19T07:33:51.966+0000","2016-08-03T15:24:45.981+0000","2016-06-21T15:08:48.447+0000",-17.75,NA,NA,NA,NA,"Albert River,1.6 km upstream from Burketown Bridge",NA,NA,NA,139.55,NA,NA,9,NA,"1342669d-ed6e-449c-94d6-e8121d66c243",NA,NA,"Diprotodontia",1452,NA,NA,NA,"Chordata",44,NA,NA,"DWC_ARCHIVE","AU","4cff2aca-5ce5-4028-88e6-d79b6449173a","Unknown",NA,NA,NA,NA,NA,"Macropus agilis (Gould, 1841)",NA,"Macropus agilis",5219975,"agilis",NA,NA,5219975,"SPECIES",NA,NA,NA,NA,NA,NA,NA,"Agile Wallaby",1962,2016-08-25,40560,"Macropus agilis",1,1,1,"IUCN",2008,"IUCN (International Union for Conservation of Nature)",NA,NA,NA,"ANIMALIA","CHORDATA","MAMMALIA","DIPROTODONTIA","MACROPODIDAE","LC",200.26747468,99.6503361533,TRUE
"2254",NA,"Central","not applicable",NA,"PRESERVED_SPECIMEN",NA,"M12583","Mammalia",359,"SOGERI, SIRINUMU, Central, not applicable, Papua New Guinea, OCEANIA","Mammals",NA,"OCEANIA",0.00139,2000,"Papua New Guinea",NA,"0debafd0-6c8a-11de-8225-b8a03c50a862",NA,NA,22,NA,NA,NA,NA,NA,NA,NA,NA,NA,NA,"1962-09-22T00:00:00.000+0000",NA,NA,NA,"Macropodidae",9372,NA,"Papua New Guinea","332032991","Macropus","Macropus",2440171,"WGS84",NA,NA,NA,NA,NA,NA,NA,NA,NA,NA,NA,NA,NA,NA,NA,NA,NA,"4e7ace15-b4ac-4d3f-8123-a1098e61e422",NA,NA,NA,"ANWC",NA,NA,NA,"PG",332032991,"Animalia",1,NA,"2016-08-19T07:26:20.898+0000","2016-08-03T11:46:37.659+0000","2015-04-30T07:14:33.875+0000",-9.4208,NA,NA,NA,NA,"SOGERI, SIRINUMU",NA,NA,NA,147.4375,NA,NA,9,NA,"4e7ace15-b4ac-4d3f-8123-a1098e61e422",NA,NA,"Diprotodontia",1452,NA,NA,NA,"Chordata",44,NA,NA,"DWC_ARCHIVE","AU","602f0aa0-1f3e-11da-9ae9-b8a03c50a862",NA,NA,NA,NA,NA,NA,"Macropus agilis (Gould, 1841)",NA,"Macropus agilis",5219975,"agilis",NA,NA,5219975,"SPECIES",NA,NA,NA,NA,NA,NA,NA,"Agile Wallaby",1962,2016-08-25,40560,"Macropus agilis",1,1,1,"IUCN",2008,"IUCN (International Union for Conservation of Nature)",NA,NA,"New Guinea","ANIMALIA","CHORDATA","MAMMALIA","DIPROTODONTIA","MACROPODIDAE","LC",21.9722085611,1.73605140336,TRUE
"2257",NA,"Nt",NA,NA,"PRESERVED_SPECIMEN",NA,"U2506","Mammalia",359,"Elliott, 10 Miles North, Nt, Australia","Mammal",NA,NA,NA,NA,"Australia",NA,"793c3890-6c8a-11de-8226-b8a03c50a862",NA,NA,4,NA,NA,NA,NA,NA,NA,NA,NA,NA,NA,"1961-04-04T00:00:00.000+0000",NA,NA,NA,"Macropodidae",9372,NA,"Australia","1085843743","Macropus","Macropus",2440171,"WGS84",NA,NA,NA,NA,NA,NA,NA,NA,NA,NA,NA,NA,NA,NA,NA,NA,NA,"988ebbab-ee0e-4cd7-ae69-18fc473cffc5",NA,NA,NA,"MAGNT",NA,NA,NA,"AU",1085843743,"Animalia",1,NA,"2016-08-19T07:37:39.484+0000","2016-08-04T02:31:07.179+0000","2015-05-13T22:31:13.467+0000",-17.45,NA,NA,NA,NA,"Elliott, 10 Miles North",NA,NA,NA,133.46667,NA,NA,4,NA,"988ebbab-ee0e-4cd7-ae69-18fc473cffc5",NA,NA,"Diprotodontia",1452,NA,NA,NA,"Chordata",44,NA,NA,"DWC_ARCHIVE","AU","8cdd9232-84eb-4bad-9d9b-a36910cd524b",NA,NA,NA,NA,NA,NA,"Macropus agilis (Gould, 1841)",NA,"Macropus agilis",5219975,"agilis",NA,NA,5219975,"SPECIES",NA,NA,NA,NA,NA,NA,NA,NA,1961,2016-08-25,40560,"Macropus agilis",1,1,1,"IUCN",2008,"IUCN (International Union for Conservation of Nature)",NA,NA,NA,"ANIMALIA","CHORDATA","MAMMALIA","DIPROTODONTIA","MACROPODIDAE","LC",200.26747468,99.6503361533,TRUE
"2279",NA,"Queensland","not applicable",NA,"PRESERVED_SPECIMEN",NA,"M00156","Mammalia",359,"INGHAM RESEARCH STATION, Queensland, not applicable, Australia, OCEANIA","Mammals",NA,"OCEANIA",0.01667,2000,"Australia",NA,"0debafd0-6c8a-11de-8225-b8a03c50a862",NA,NA,10,NA,NA,NA,NA,NA,NA,NA,NA,NA,NA,"1959-12-10T00:00:00.000+0000",NA,NA,NA,"Macropodidae",9372,NA,"Australia","332032948","Macropus","Macropus",2440171,"WGS84",NA,NA,NA,NA,NA,NA,NA,NA,NA,NA,NA,NA,NA,NA,NA,NA,NA,"496eea57-4808-43da-92ef-4d649a77b4d4",NA,NA,NA,"ANWC",NA,NA,NA,"AU",332032948,"Animalia",1,NA,"2016-08-19T07:26:17.939+0000","2016-08-03T11:46:20.858+0000","2015-04-30T07:14:27.070+0000",-18.65,NA,NA,NA,NA,"INGHAM RESEARCH STATION",NA,NA,NA,146.1667,NA,NA,12,NA,"496eea57-4808-43da-92ef-4d649a77b4d4",NA,NA,"Diprotodontia",1452,NA,NA,NA,"Chordata",44,NA,NA,"DWC_ARCHIVE","AU","602f0aa0-1f3e-11da-9ae9-b8a03c50a862",NA,NA,NA,NA,NA,NA,"Macropus agilis (Gould, 1841)",NA,"Macropus agilis",5219975,"agilis",NA,NA,5219975,"SPECIES",NA,NA,NA,NA,NA,NA,NA,"Agile Wallaby",1959,2016-08-25,40560,"Macropus agilis",1,1,1,"IUCN",2008,"IUCN (International Union for Conservation of Nature)",NA,NA,NA,"ANIMALIA","CHORDATA","MAMMALIA","DIPROTODONTIA","MACROPODIDAE","LC",200.26747468,99.6503361533,TRUE
"2281",NA,"Queensland",NA,NA,"PRESERVED_SPECIMEN",NA,"J19713","Mammalia",359,"-, Queensland, Australia","Mammals",NA,NA,NA,NA,"Australia",NA,"a79c2b50-6c8a-11de-8226-b8a03c50a862",NA,NA,5,NA,NA,NA,NA,NA,NA,NA,NA,NA,NA,"1958-07-05T00:00:00.000+0000",NA,NA,NA,"Macropodidae",9372,NA,"Australia","1066614407","Macropus","Macropus",2440171,"WGS84",NA,NA,NA,NA,NA,NA,NA,NA,NA,NA,NA,NA,NA,NA,NA,NA,NA,"d0bca7c1-cd14-4a90-afb1-f8c5e08925c1",NA,NA,NA,"QM",NA,NA,NA,"AU",1066614407,"Animalia",1,NA,"2015-10-19T05:51:13.599+0000","2016-08-04T10:56:31.494+0000","2015-04-30T09:48:30.128+0000",-23.28333,NA,NA,NA,NA,"-",NA,NA,NA,150.45,NA,NA,7,NA,"d0bca7c1-cd14-4a90-afb1-f8c5e08925c1",NA,NA,"Diprotodontia",1452,NA,NA,NA,"Chordata",44,NA,NA,"DWC_ARCHIVE","AU","f9d3db7d-6ee9-4fbf-bd4c-e5d0f0bd26c6",NA,NA,NA,NA,NA,NA,"Macropus agilis (Gould, 1841)",NA,"Macropus agilis",5219975,"agilis",NA,NA,5219975,"SPECIES",NA,NA,NA,NA,NA,NA,NA,"Agile wallaby",1958,2016-08-25,40560,"Macropus agilis",1,1,1,"IUCN",2008,"IUCN (International Union for Conservation of Nature)",NA,NA,NA,"ANIMALIA","CHORDATA","MAMMALIA","DIPROTODONTIA","MACROPODIDAE","LC",200.26747468,99.6503361533,TRUE
"2282","http://www.vertnet.org/resources/norms.html","Northern Territory",NA,NA,"PRESERVED_SPECIMEN",NA,"M-160431","Mammalia",359,"Humpty Doo, Northern Territory, Australia, OCEANIA","Mammals",NA,"OCEANIA",NA,NA,"Australia",NA,"96ca66b4-f762-11e1-a439-00145eb45e9a",NA,NA,1,NA,NA,NA,NA,NA,NA,NA,NA,"1","NATIVE","1957-01-01T00:00:00.000+0000",NA,NA,NA,"Macropodidae",9372,NA,"Australia","859482006","Macropus","Macropus",2440171,"WGS84",NA,NA,NA,NA,NA,NA,NA,"Animalia;Chordata;Mammalia;Diprotodontia;Macropodidae;Macropus","Australia;Australia;Northern Territory;;;;;",NA,NA,NA,NA,NA,NA,NA,NA,"urn:catalog:AMNH:Mammals:M-160431",1,NA,"agilis","AMNH","urn:lsid:biocol.org:col:34925",NA,NA,"AU",859482006,"Animalia",1,"en","2016-06-20T19:02:11.069+0000","2016-08-04T10:29:29.132+0000","2016-06-20T19:02:11.195+0000",-12.36667,NA,NA,NA,NA,"Humpty Doo",NA,NA,NA,131.15,NA,"2013-08-07T00:00:00.000+0000",1,"ICZN","urn:catalog:AMNH:Mammals:M-160431",NA,"present","Diprotodontia",1452,NA,NA,NA,"Chordata",44,"Skull, Cranium and Mandible, Not Mounted",NA,"DWC_ARCHIVE","US","ccd1ddc0-6c21-11de-8224-b8a03c50a862",NA,NA,NA,NA,"http://creativecommons.org/publicdomain/zero/1.0",NA,"Macropus agilis subsp. agilis",NA,"Macropus agilis",5219975,"agilis","1",NA,7194032,"SUBSPECIES","PhysicalObject",NA,NA,NA,"1957-01-01","Australia; Australia; Northern Territory; ; ; ; ; ; ; ; Australia; Australia; Northern Territory; ; ; ; ; ; ; ; Humpty Doo",NA,NA,1957,2016-08-25,40560,"Macropus agilis",1,1,1,"IUCN",2008,"IUCN (International Union for Conservation of Nature)",NA,NA,NA,"ANIMALIA","CHORDATA","MAMMALIA","DIPROTODONTIA","MACROPODIDAE","LC",200.26747468,99.6503361533,TRUE
"2295","http://vertnet.org/resources/norms.html","Queensland",NA,NA,"PRESERVED_SPECIMEN",NA,"010069","Mammalia",359,"Sarina, 13 mi S, Queensland, Australia, OCEANIA","Mammals","urn:lsid:biocol.org:col:34897","OCEANIA",NA,17098,"Australia",NA,"7a25f7aa-03fb-4322-aaeb-66719e1a9527",NA,NA,7,NA,NA,NA,NA,NA,NA,NA,NA,"219","NATIVE","1954-08-07T00:00:00.000+0000",NA,NA,NA,"Macropodidae",9372,NA,"Australia","1065380646","Macropus","Macropus",2440171,"WGS84",NA,"Vygandas Relys (LACM)",NA,"VertNet Georeferencing Guidelines","Extent is half the longest distance across the town from the N to the S","ArcView GNS data","requires verification","Diprotodontia | Macropodidae | Macropus","| Australia | Queensland |  |  |  |  |",NA,NA,NA,NA,NA,NA,NA,NA,"81e820b8-2c4f-42aa-884f-97452efe7488",NA,NA,NA,"LACM","urn:lsid:biocol.org:col:34802",NA,NA,"AU",1065380646,"Animalia",1,"en","2015-04-17T15:59:56.618+0000","2016-08-04T02:40:10.018+0000","2015-04-17T15:59:56.632+0000",-21.62228,NA,NA,NA,NA,"Sarina, 13 mi S",NA,NA,NA,149.21666,NA,"2015-04-17T00:00:00.000+0000",8,"ICZN","81e820b8-2c4f-42aa-884f-97452efe7488",NA,"present","Diprotodontia",1452,NA,NA,NA,"Chordata",44,"SP",NA,"DWC_ARCHIVE","US","493fe050-055d-11d8-b84f-b8a03c50a862","Stager, K E","KES 15331","http://portal.vertnet.org/o/lacm/mammals?id=010069",NA,"https://creativecommons.org/publicdomain/zero/1.0",NA,"Macropus agilis (Gould, 1841)","FEMALE","Macropus agilis",5219975,"agilis","219",NA,5219975,"SPECIES","PhysicalObject",NA,NA,NA,"07 AUG 1954","Australia | Queensland | Sarina, 13 mi S",NA,NA,1954,2016-08-25,40560,"Macropus agilis",1,1,1,"IUCN",2008,"IUCN (International Union for Conservation of Nature)",NA,NA,NA,"ANIMALIA","CHORDATA","MAMMALIA","DIPROTODONTIA","MACROPODIDAE","LC",200.26747468,99.6503361533,TRUE
"2296",NA,"Nt",NA,NA,"PRESERVED_SPECIMEN",NA,"U2504","Mammalia",359,"Stapleton Station-Reynolds River, Nt, Australia","Mammal",NA,NA,NA,NA,"Australia",NA,"793c3890-6c8a-11de-8226-b8a03c50a862",NA,NA,14,NA,NA,NA,NA,NA,NA,NA,NA,NA,NA,"1954-08-14T00:00:00.000+0000",NA,NA,NA,"Macropodidae",9372,NA,"Australia","1085843741","Macropus","Macropus",2440171,"WGS84",NA,NA,NA,NA,NA,NA,NA,NA,NA,NA,NA,NA,NA,NA,NA,NA,NA,"5643c947-c35c-494d-9df2-08d949c3cfa6",NA,NA,NA,"MAGNT",NA,NA,NA,"AU",1085843741,"Animalia",1,NA,"2016-08-19T07:37:39.488+0000","2016-08-04T02:31:02.080+0000","2015-05-13T22:31:13.465+0000",-13.18333,NA,NA,NA,NA,"Stapleton Station-Reynolds River",NA,NA,NA,130.6,NA,NA,8,NA,"5643c947-c35c-494d-9df2-08d949c3cfa6",NA,NA,"Diprotodontia",1452,NA,NA,NA,"Chordata",44,NA,NA,"DWC_ARCHIVE","AU","8cdd9232-84eb-4bad-9d9b-a36910cd524b",NA,NA,NA,NA,NA,NA,"Macropus agilis (Gould, 1841)",NA,"Macropus agilis",5219975,"agilis",NA,NA,5219975,"SPECIES",NA,NA,NA,NA,NA,NA,NA,NA,1954,2016-08-25,40560,"Macropus agilis",1,1,1,"IUCN",2008,"IUCN (International Union for Conservation of Nature)",NA,NA,NA,"ANIMALIA","CHORDATA","MAMMALIA","DIPROTODONTIA","MACROPODIDAE","LC",200.26747468,99.6503361533,TRUE
"2297","http://vertnet.org/resources/norms.html","Queensland",NA,NA,"PRESERVED_SPECIMEN",NA,"010076","Mammalia",359,"Ayr, 1 mi W, Queensland, Australia, OCEANIA","Mammals","urn:lsid:biocol.org:col:34897","OCEANIA",NA,3877,"Australia",NA,"7a25f7aa-03fb-4322-aaeb-66719e1a9527",NA,NA,2,NA,NA,NA,"{""measurements"":""1360-680-235-90"", ""weightInGrams"":""12020.2"" }",NA,NA,NA,NA,"214","NATIVE","1954-08-02T00:00:00.000+0000",NA,NA,NA,"Macropodidae",9372,NA,"Australia","1065413819","Macropus","Macropus",2440171,"WGS84",NA,"Vygandas Relys (LACM)",NA,"VertNet Georeferencing Guidelines","Extent is half the longest distance across the town from the E to the W","ArcView GNS data","requires verification","Diprotodontia | Macropodidae | Macropus","| Australia | Queensland |  |  |  |  |",NA,NA,NA,NA,NA,NA,NA,NA,"d9e43117-eda4-4da5-a90a-eb51ae045241",NA,NA,NA,"LACM","urn:lsid:biocol.org:col:34802",NA,NA,"AU",1065413819,"Animalia",1,"en","2015-04-17T16:01:08.194+0000","2016-08-04T02:40:11.032+0000","2015-04-17T16:01:08.212+0000",-19.58333,NA,NA,NA,NA,"Ayr, 1 mi W",NA,NA,NA,147.38466,NA,"2015-04-17T00:00:00.000+0000",8,"ICZN","d9e43117-eda4-4da5-a90a-eb51ae045241","Weight: 26.5 lbs","present","Diprotodontia",1452,NA,NA,NA,"Chordata",44,"SP",NA,"DWC_ARCHIVE","US","493fe050-055d-11d8-b84f-b8a03c50a862","Stager, K E","KES 15288","http://portal.vertnet.org/o/lacm/mammals?id=010076","carrying young joey (fem)","https://creativecommons.org/publicdomain/zero/1.0",NA,"Macropus agilis (Gould, 1841)","FEMALE","Macropus agilis",5219975,"agilis","214",NA,5219975,"SPECIES","PhysicalObject",NA,NA,NA,"02 AUG 1954","Australia | Queensland | Ayr, 1 mi W",NA,NA,1954,2016-08-25,40560,"Macropus agilis",1,1,1,"IUCN",2008,"IUCN (International Union for Conservation of Nature)",NA,NA,NA,"ANIMALIA","CHORDATA","MAMMALIA","DIPROTODONTIA","MACROPODIDAE","LC",200.26747468,99.6503361533,TRUE
"2308",NA,NA,NA,NA,"PRESERVED_SPECIMEN",NA,"M05981","Mammalia",359,"Australia","Mammalogy",NA,NA,NA,NA,"Australia",NA,"fa375330-6c8a-11de-8226-b8a03c50a862",NA,NA,28,NA,NA,NA,NA,NA,NA,NA,NA,NA,NA,"1953-07-28T00:00:00.000+0000",NA,NA,NA,"Macropodidae",9372,NA,"Australia","691275647","Macropus","Macropus",2440171,"WGS84",NA,NA,NA,NA,NA,NA,NA,NA,NA,NA,NA,NA,NA,NA,NA,NA,NA,NA,NA,NA,NA,"SAMA",NA,NA,NA,"AU",691275647,"Animalia",1,NA,"2013-09-07T07:16:37.000+0000","2016-08-04T15:41:41.910+0000",NA,-18.683,NA,NA,NA,NA,NA,NA,NA,NA,121.766,NA,NA,7,NA,NA,NA,NA,"Diprotodontia",1452,NA,NA,NA,"Chordata",44,NA,NA,"DWC_ARCHIVE","AU","4d0539cd-a2e0-4a2c-8b7d-ec6718eef764","Tindale N.B.",NA,NA,NA,NA,NA,"Macropus agilis (Gould, 1841)",NA,"Macropus agilis",5219975,"agilis",NA,NA,5219975,"SPECIES",NA,NA,NA,NA,NA,NA,NA,NA,1953,2016-08-25,40560,"Macropus agilis",1,1,1,"IUCN",2008,"IUCN (International Union for Conservation of Nature)",NA,NA,NA,"ANIMALIA","CHORDATA","MAMMALIA","DIPROTODONTIA","MACROPODIDAE","LC",200.26747468,99.6503361533,TRUE
"2312",NA,NA,NA,NA,"PRESERVED_SPECIMEN",NA,"M6026","Mammalia",359,"Yeeda Station, Australia","Mammalogy",NA,NA,0.001,NA,"Australia",NA,"fa375330-6c8a-11de-8226-b8a03c50a862",NA,NA,24,NA,NA,NA,NA,NA,NA,NA,NA,NA,NA,"1953-08-24T00:00:00.000+0000",NA,NA,NA,"Macropodidae",9372,NA,"Australia","500895573","Macropus","Macropus",2440171,"WGS84",NA,NA,NA,NA,NA,NA,NA,NA,NA,NA,NA,NA,NA,NA,NA,NA,NA,NA,NA,NA,NA,"SAMA",NA,NA,NA,"AU",500895573,"Animalia",1,NA,"2013-09-07T07:22:28.000+0000","2016-08-04T15:41:06.358+0000",NA,-17.616,NA,NA,NA,NA,"Yeeda Station",NA,NA,NA,123.65,NA,NA,8,NA,NA,NA,NA,"Diprotodontia",1452,NA,NA,NA,"Chordata",44,NA,NA,"DWC_ARCHIVE","AU","4d0539cd-a2e0-4a2c-8b7d-ec6718eef764","Tindale N.B.",NA,NA,NA,NA,NA,"Macropus agilis (Gould, 1841)",NA,"Macropus agilis",5219975,"agilis",NA,NA,5219975,"SPECIES",NA,NA,NA,NA,NA,NA,NA,NA,1953,2016-08-25,40560,"Macropus agilis",1,1,1,"IUCN",2008,"IUCN (International Union for Conservation of Nature)",NA,NA,NA,"ANIMALIA","CHORDATA","MAMMALIA","DIPROTODONTIA","MACROPODIDAE","LC",200.26747468,99.6503361533,TRUE
"2320",NA,NA,NA,NA,"PRESERVED_SPECIMEN",NA,"M6025","Mammalia",359,"Myroodah Crossing, Australia","Mammalogy",NA,NA,0.001,NA,"Australia",NA,"fa375330-6c8a-11de-8226-b8a03c50a862",NA,NA,3,NA,NA,NA,NA,NA,NA,NA,NA,NA,NA,"1953-09-03T00:00:00.000+0000",NA,NA,NA,"Macropodidae",9372,NA,"Australia","500895571","Macropus","Macropus",2440171,"WGS84",NA,NA,NA,NA,NA,NA,NA,NA,NA,NA,NA,NA,NA,NA,NA,NA,NA,NA,NA,NA,NA,"SAMA",NA,NA,NA,"AU",500895571,"Animalia",1,NA,"2013-09-07T07:22:28.000+0000","2016-08-04T15:41:06.168+0000",NA,-18.083,NA,NA,NA,NA,"Myroodah Crossing",NA,NA,NA,124.216,NA,NA,9,NA,NA,NA,NA,"Diprotodontia",1452,NA,NA,NA,"Chordata",44,NA,NA,"DWC_ARCHIVE","AU","4d0539cd-a2e0-4a2c-8b7d-ec6718eef764","Tindale N.B.",NA,NA,NA,NA,NA,"Macropus agilis (Gould, 1841)",NA,"Macropus agilis",5219975,"agilis",NA,NA,5219975,"SPECIES",NA,NA,NA,NA,NA,NA,NA,NA,1953,2016-08-25,40560,"Macropus agilis",1,1,1,"IUCN",2008,"IUCN (International Union for Conservation of Nature)",NA,NA,NA,"ANIMALIA","CHORDATA","MAMMALIA","DIPROTODONTIA","MACROPODIDAE","LC",200.26747468,99.6503361533,TRUE
"2499",NA,"Northern Territory",NA,NA,"PRESERVED_SPECIMEN",NA,"DTC 172","Mammalia",359,"Upper middle reaches of Roper River, Northern Territory, Australia","Mammalogy",NA,NA,NA,NA,"Australia",NA,"39905320-6c8a-11de-8226-b8a03c50a862",NA,NA,17,NA,NA,NA,NA,NA,NA,NA,NA,NA,NA,"1942-04-17T00:00:00.000+0000",NA,NA,NA,"Macropodidae",9372,NA,"Australia","479818043","Macropus","Macropus",2440171,"WGS84",NA,NA,NA,NA,NA,NA,NA,NA,NA,NA,NA,NA,NA,NA,NA,NA,NA,NA,NA,NA,NA,"NMV",NA,NA,NA,"AU",479818043,"Animalia",1,NA,"2013-09-07T07:20:11.000+0000","2016-08-03T15:24:05.201+0000",NA,-14.82,NA,NA,NA,NA,"Upper middle reaches of Roper River",NA,NA,NA,135.05,NA,NA,4,NA,NA,NA,NA,"Diprotodontia",1452,NA,NA,NA,"Chordata",44,NA,NA,"DWC_ARCHIVE","AU","4cff2aca-5ce5-4028-88e6-d79b6449173a",NA,NA,NA,NA,NA,NA,"Macropus agilis (Gould, 1841)",NA,"Macropus agilis",5219975,"agilis",NA,NA,5219975,"SPECIES",NA,NA,NA,NA,NA,NA,NA,NA,1942,2016-08-25,40560,"Macropus agilis",1,1,1,"IUCN",2008,"IUCN (International Union for Conservation of Nature)",NA,NA,NA,"ANIMALIA","CHORDATA","MAMMALIA","DIPROTODONTIA","MACROPODIDAE","LC",200.26747468,99.6503361533,TRUE
"2511","http://www.vertnet.org/resources/norms.html","Milne Bay Province",NA,NA,"PRESERVED_SPECIMEN",NA,"100061","Mammalia",359,"near SE tip of island, Milne Bay Province, Papua New Guinea","Mammal specimens","urn:lsid:biocol.org:col:34904",NA,NA,10252,"Papua New Guinea",NA,"0daed095-478a-4af6-abf5-18acb790fbb2",NA,"1999-01-27T00:00:00.000+0000",4,NA,NA,NA,"sex=unknown",NA,NA,NA,NA,"308",NA,"1942-11-04T00:00:00.000+0000",NA,NA,NA,"Macropodidae",9372,NA,"Papua New Guinea","1145665458","Macropus","Macropus",2440171,"WGS84",NA,"Carla H. Kishinami","2003-03-13 00:00:00.0","MaNIS georeferencing guidelines",NA,"Map: PNG Joint Operations Graphic, series 1501, sheet SC 56-9, Samarai, Edition 1, Royal Australian Survey Corps, 1981","unverified","Animalia; Chordata; Mammalia; Diprotodontia; Macropodidae; Macropodinae;  Peters and Doria, 1875","Pacific Ocean, Papua New Guinea, Milne Bay Province",NA,NA,NA,NA,"A",NA,"legacy","Museum of Vertebrate Zoology, University of California, Berkeley","http://arctos.database.museum/guid/MVZ:Mamm:100061?seid=1340162",1,NA,"papuanus","MVZ","urn:lsid:biocol.org:col:34777",NA,NA,"PG",1145665458,"Animalia",1,"en","2016-08-09T09:37:37.320+0000","2016-08-09T09:37:37.506+0000","2016-08-09T09:37:37.327+0000",-10.537092012709,NA,NA,NA,NA,"near SE tip of island","Carla H. Kishinami",NA,NA,150.608573147606,NA,NA,11,"ICZN","http://arctos.database.museum/guid/MVZ:Mamm:100061?seid=1340162","PICKUP. ID QUESTIONABLE",NA,"Diprotodontia",1452,"http://arctos.database.museum/guid/MVZ:Mamm:100061","collector number=959",NA,"Chordata",44,"skull","<i>Macropus agilis papuanus</i> (accepted ID) identified by Museum of Vertebrate Zoology, University of California, Berkeley on 1999-01-27; method: legacy","DWC_ARCHIVE","US","8edbbde0-055e-11d8-b850-b8a03c50a862","Collector(s): Donald F. Hoffmeister, L. R. Leoni","959","http://arctos.database.museum/guid/MVZ:Mamm:100061",NA,"http://creativecommons.org/publicdomain/zero/1.0/",NA,"Macropus agilis subsp. papuanus Peters & Doria, 1875",NA,"Macropus agilis",5219975,"agilis",NA,NA,5219976,"SUBSPECIES","PhysicalObject",NA,"decimal degrees",NA,"4 Nov 1942","near SE Tip of New Guinea Isl.",NA,NA,1942,2016-08-25,40560,"Macropus agilis",1,1,1,"IUCN",2008,"IUCN (International Union for Conservation of Nature)",NA,NA,"New Guinea","ANIMALIA","CHORDATA","MAMMALIA","DIPROTODONTIA","MACROPODIDAE","LC",21.9722085611,1.73605140336,TRUE
